"","baseMean","log2FoldChange","lfcSE","stat","pvalue","padj","regulation"
"Montipora_capitata_HIv3___RNAseq.g28457.t1",14.8919446980091,3.3805158057953,0.961551959514888,3.51568708517925,0.000438617609110768,0.0162891614583511,"Up at 9 hpf"
"Montipora_capitata_HIv3___TS.g46890.t3",1102.23012668473,-1.82552949558817,0.501525881863483,-3.63995072159623,0.000272690222992512,0.0113045951513128,"Up at 1 hpf"
"Montipora_capitata_HIv3___RNAseq.g10762.t1",3032.62643671091,-1.78146286138703,0.439534988743374,-4.05306268445252,5.05514502696165e-05,0.00271424744730778,"Up at 1 hpf"
"Montipora_capitata_HIv3___RNAseq.g47842.t1",117.953008632515,4.71398420063266,1.35622238041454,3.47581950328221,0.000509294933547021,0.0181573829708184,"Up at 9 hpf"
"Montipora_capitata_HIv3___TS.g31532.t1",27.8094845265517,7.34410384079881,1.67742113017926,4.37821111745144,1.19657412052952e-05,0.000784195965902915,"Up at 9 hpf"
"Montipora_capitata_HIv3___RNAseq.g19657.t1",31.9630022352303,5.50711855240834,1.11645651529709,4.93267626365447,8.11105278946552e-07,7.3769197461741e-05,"Up at 9 hpf"
"Montipora_capitata_HIv3___RNAseq.g33434.t1",22.0420325484338,5.5953999991861,1.2039440189326,4.64755828443496,3.35887205092677e-06,0.000253708699914494,"Up at 9 hpf"
"Montipora_capitata_HIv3___TS.g21280.t1",62.0538294669438,5.78619652452802,1.30968042387454,4.41802169372755,9.96084251924743e-06,0.00066752623589513,"Up at 9 hpf"
"Montipora_capitata_HIv3___RNAseq.g15087.t1",7.13713533354853,6.03909310674806,1.2094843644973,4.99311382934504,5.9413516327355e-07,5.51617365651786e-05,"Up at 9 hpf"
"Montipora_capitata_HIv3___RNAseq.g45358.t1",7.58312713813198,4.71668512915182,1.38048179206827,3.4166949222019,0.000633862684337713,0.0218131973185407,"Up at 9 hpf"
"Montipora_capitata_HIv3___RNAseq.g16223.t1",149.426136626881,1.89171679703749,0.509185727895865,3.71518032301246,0.000203058834665066,0.00887187937926339,"Up at 9 hpf"
"Montipora_capitata_HIv3___TS.g35729.t1a",33.4776802678957,6.69276272642383,1.25870602381763,5.31717700541768,1.05389535441337e-07,1.23596964393242e-05,"Up at 9 hpf"
"Montipora_capitata_HIv3___RNAseq.g44908.t1",12.5049332642569,5.79395622112817,1.82333476995352,3.17767001244422,0.00148463618646854,0.0433854502622757,"Up at 9 hpf"
"Montipora_capitata_HIv3___RNAseq.g10967.t1",101.081780068161,10.9194577878893,1.09619109219829,9.96127214096541,2.25162882675545e-23,1.43348340949081e-20,"Up at 9 hpf"
"Montipora_capitata_HIv3___RNAseq.g6184.t1",71.509154567203,7.14561207193014,1.12640931944987,6.3437082315867,2.24299445682501e-10,4.4426243541514e-08,"Up at 9 hpf"
"Montipora_capitata_HIv3___RNAseq.g9646.t1",5.67270230780141,-6.2079713210205,1.95650068760517,-3.17299726003127,0.00150873948304903,0.0438344109767783,"Up at 1 hpf"
"Montipora_capitata_HIv3___TS.g47745.t1",43.6127050244025,2.94791133560751,0.61389189503337,4.8020040001461,1.57085554381532e-06,0.000128449866624092,"Up at 9 hpf"
"Montipora_capitata_HIv3___TS.g21226.t3",10.2038558428345,6.17568011859451,1.79475250326351,3.4409647610826,0.000579644017987958,0.020232363404621,"Up at 9 hpf"
"Montipora_capitata_HIv3___RNAseq.g21629.t1",487.651734771891,5.58204509116088,1.29277169114557,4.31788932987419,1.57528377744242e-05,0.000981853448135966,"Up at 9 hpf"
"Montipora_capitata_HIv3___TS.g13816.t1",955.829684536791,-5.2411286793109,1.61741307789927,-3.24043916234324,0.00119345736230137,0.0365542456020349,"Up at 1 hpf"
"Montipora_capitata_HIv3___TS.g34627.t2",18.5236276212259,3.74048668986187,1.14224553190124,3.2746783291294,0.00105782349841529,0.0331985240893504,"Up at 9 hpf"
"Montipora_capitata_HIv3___RNAseq.g967.t1",7.76318467116507,3.90107552623396,1.1569856414313,3.37175794282802,0.000746900610707071,0.0251212269555929,"Up at 9 hpf"
"Montipora_capitata_HIv3___TS.g45495.t1",63.8426860138052,6.51068574683555,1.01402649200005,6.42062687533335,1.35714303874766e-10,2.95029656203851e-08,"Up at 9 hpf"
"Montipora_capitata_HIv3___RNAseq.g7233.t1",90.7450203312151,2.67986958560636,0.849127495527043,3.15602733361377,0.00159933871980904,0.0458357106419872,"Up at 9 hpf"
"Montipora_capitata_HIv3___RNAseq.g50449.t1",94.7579534277744,7.13695768031415,1.05872976678121,6.74105697624069,1.57238527610283e-11,3.89296387941791e-09,"Up at 9 hpf"
"Montipora_capitata_HIv3___RNAseq.g41016.t1",5.80452928690668,6.63007961699389,1.17227032828009,5.65575998730712,1.55158164962811e-08,2.23052374889279e-06,"Up at 9 hpf"
"Montipora_capitata_HIv3___RNAseq.g43862.t1",98.1529587474647,7.77292742298885,1.14952774606818,6.76184411344153,1.36246257802898e-11,3.46960827370638e-09,"Up at 9 hpf"
"Montipora_capitata_HIv3___TS.g32368.t1",6.69001656567642,4.46918856624631,1.26918729947669,3.5212994709993,0.000429437332861152,0.016082247679796,"Up at 9 hpf"
"Montipora_capitata_HIv3___RNAseq.g23955.t1",29.5061458927518,6.99298146502918,1.17121054571359,5.97072959308825,2.36194937845733e-09,3.82764632912548e-07,"Up at 9 hpf"
"Montipora_capitata_HIv3___RNAseq.g7227.t1",17.4776547655058,4.97879076198166,1.52173039872326,3.27179555994865,0.00106866822134459,0.0334211924801556,"Up at 9 hpf"
"Montipora_capitata_HIv3___RNAseq.g24338.t1",174.839050181366,5.76986723409669,1.17203640022755,4.92294201184919,8.5252720932514e-07,7.6753282997121e-05,"Up at 9 hpf"
"Montipora_capitata_HIv3___RNAseq.g45474.t1",11.3365045575116,6.08411290610432,1.76381787363066,3.44939973512158,0.00056183433272441,0.0197930016109591,"Up at 9 hpf"
"Montipora_capitata_HIv3___RNAseq.g18055.t1",17.5394763701426,-6.12744873346209,1.49761596809287,-4.09146861679437,4.28649961228823e-05,0.00233159778845055,"Up at 1 hpf"
"Montipora_capitata_HIv3___RNAseq.g6616.t1",12.0634482870618,5.06387178816762,1.51813840829061,3.33557978673988,0.000851217235717628,0.027790839640847,"Up at 9 hpf"
"Montipora_capitata_HIv3___RNAseq.g6702.t1",13.7098343701867,4.25623205508581,1.19344565915756,3.56633921488326,0.000362002739092263,0.0143110903271148,"Up at 9 hpf"
"Montipora_capitata_HIv3___RNAseq.g39496.t1",114.161679474582,5.07044586352414,1.44560930937179,3.50748008514663,0.000452372212243483,0.0165925659577208,"Up at 9 hpf"
"Montipora_capitata_HIv3___TS.g1476.t1",21.20802844222,5.62061939965208,1.32888946384792,4.22956126341545,2.3414750958877e-05,0.00136402402154556,"Up at 9 hpf"
"Montipora_capitata_HIv3___RNAseq.g49798.t1",233.873381223829,5.68799213982026,1.22652081403394,4.63750152034751,3.52646017395535e-06,0.000264128903617345,"Up at 9 hpf"
"Montipora_capitata_HIv3___RNAseq.g12951.t1",229.316570002874,5.20691977258979,1.33517372306263,3.89980695594137,9.62694154309842e-05,0.00474060386594675,"Up at 9 hpf"
"Montipora_capitata_HIv3___RNAseq.g12314.t1",101.482156836345,7.26103568887245,0.986606861901181,7.35960387998975,1.84456767452372e-13,5.87165417251067e-11,"Up at 9 hpf"
"Montipora_capitata_HIv3___RNAseq.g36894.t1",10.9922887595886,6.27777987802147,1.81251646754762,3.46357122289513,0.000533055456899686,0.0189287780372386,"Up at 9 hpf"
"Montipora_capitata_HIv3___RNAseq.g49873.t1",699.591535609536,-3.02961331232527,0.923132123467254,-3.28188483025176,0.00103115712064207,0.0325911468662508,"Up at 1 hpf"
"Montipora_capitata_HIv3___RNAseq.g21011.t1",16.4013459666428,5.73213070057687,1.20997256978448,4.73740549473603,2.16471749982847e-06,0.000169246728736589,"Up at 9 hpf"
"Montipora_capitata_HIv3___RNAseq.g41105.t1",55.0272415091056,3.62641380505002,0.776305709581422,4.67137335239406,2.99192550026735e-06,0.000227923350289597,"Up at 9 hpf"
"Montipora_capitata_HIv3___RNAseq.g5770.t1",29.1090132370584,6.31709921716373,1.2800058117549,4.93521135541013,8.00640088748794e-07,7.35680939280207e-05,"Up at 9 hpf"
"Montipora_capitata_HIv3___RNAseq.g15081.t1",24.4848309353575,-5.60133522877432,1.54283227893225,-3.63055356389798,0.000282814002574938,0.0116587537140327,"Up at 1 hpf"
"Montipora_capitata_HIv3___TS.g38423.t2b",6.34229182487519,5.18887129219299,1.19435455325474,4.34449827151642,1.39594342619245e-05,0.000888717411260953,"Up at 9 hpf"
"Montipora_capitata_HIv3___RNAseq.g5199.t1",20.8095185633536,6.22476442718864,1.72055051667312,3.61789111500482,0.000297013293742274,0.012143483885894,"Up at 9 hpf"
"Montipora_capitata_HIv3___RNAseq.g49341.t1",24.2704091190123,-5.24966685554509,1.47682747392932,-3.55469203290047,0.000378422054919475,0.014728715176844,"Up at 1 hpf"
"Montipora_capitata_HIv3___RNAseq.g43102.t1",1726.74012406641,-2.07947299251399,0.438418836045318,-4.74311964164568,2.10451891640033e-06,0.000165996257538727,"Up at 1 hpf"
"Montipora_capitata_HIv3___TS.g29073.t4",26.476109398299,4.82012499662815,1.32066186546904,3.64977979803804,0.000262465209985472,0.0109315533486005,"Up at 9 hpf"
"Montipora_capitata_HIv3___RNAseq.g9642.t1",91.8125062666668,-4.69670939273141,1.21149241571246,-3.87679636439931,0.00010584086917653,0.00509924144308332,"Up at 1 hpf"
"Montipora_capitata_HIv3___RNAseq.g6845.t1",106.416521861147,8.33436049003983,1.16417592734694,7.15902149689105,8.12549452126339e-13,2.33621073122647e-10,"Up at 9 hpf"
"Montipora_capitata_HIv3___RNAseq.g26803.t1",18.6202637270778,5.35389907445407,1.28552258228906,4.16476470208766,3.11673833783702e-05,0.00175819549399629,"Up at 9 hpf"
"Montipora_capitata_HIv3___RNAseq.g12317.t1",21.2842168380047,6.89422661181733,1.42759746684451,4.82925108227882,1.37047512837341e-06,0.000115236271879172,"Up at 9 hpf"
"Montipora_capitata_HIv3___RNAseq.g10969.t1",81.5667408646089,10.6012938106829,1.09520690723953,9.67971781460316,3.67729551720346e-22,2.04848343405215e-19,"Up at 9 hpf"
"Montipora_capitata_HIv3___RNAseq.g7963.t1",69.3391618107468,8.07605911062161,0.802039394598694,10.0694045267721,7.54333985555524e-24,5.17182985635107e-21,"Up at 9 hpf"
"Montipora_capitata_HIv3___RNAseq.g37760.t1",931.171467627726,-2.57963685288354,0.55812384684137,-4.62197927481985,3.80095995289122e-06,0.000282316300500995,"Up at 1 hpf"
"Montipora_capitata_HIv3___RNAseq.g3781.t1",23.6968200380329,9.09982581071652,1.10445030559301,8.23923517847236,1.73314970249295e-16,7.35598252300937e-14,"Up at 9 hpf"
"Montipora_capitata_HIv3___RNAseq.g44160.t1",155.527662200024,-4.95699686365968,1.42410297822128,-3.48078540629907,0.000499945866996467,0.0179678125505625,"Up at 1 hpf"
"Montipora_capitata_HIv3___RNAseq.g34156.t2",71.2286105206581,2.78367906280461,0.642801623493151,4.33054143154986,1.48743155003462e-05,0.000940246624500606,"Up at 9 hpf"
"Montipora_capitata_HIv3___RNAseq.g43831.t1",21.3437863619133,7.19920804339804,1.42012442110402,5.06942063414506,3.99028484425772e-07,3.94289810493058e-05,"Up at 9 hpf"
"Montipora_capitata_HIv3___RNAseq.g37112.t1",117.956131653456,-1.22127129910712,0.268804435681846,-4.54334503822179,5.53685117244275e-06,0.000397983504032115,"Up at 1 hpf"
"Montipora_capitata_HIv3___RNAseq.g436.t1",7.89565964344141,5.10912677127284,1.62111485399238,3.15161307583508,0.00162371279205827,0.0463851029346646,"Up at 9 hpf"
"Montipora_capitata_HIv3___TS.g29302.t1",3117.01608635684,-7.23301877196584,1.38513255549138,-5.22189644831494,1.77099998929459e-07,1.97311536307283e-05,"Up at 1 hpf"
"Montipora_capitata_HIv3___RNAseq.g46203.t1",17.2318380055154,4.98203039674298,1.57023819064047,3.17278641319436,0.00150983554020767,0.0438344109767783,"Up at 9 hpf"
"Montipora_capitata_HIv3___RNAseq.g10965.t1",88.2029658406293,11.4302593103525,1.09212258771352,10.4660955088229,1.23637995544717e-25,9.18321211908382e-23,"Up at 9 hpf"
"Montipora_capitata_HIv3___RNAseq.g30576.t1",232.554806976498,-4.39514895902171,1.30894898914728,-3.3577694741832,0.000785741129229651,0.0259381877215699,"Up at 1 hpf"
"Montipora_capitata_HIv3___TS.g25098.t2",43.2650726132779,7.18045219778288,1.2823533964171,5.59943321228381,2.15053765224562e-08,2.9949597022602e-06,"Up at 9 hpf"
"Montipora_capitata_HIv3___RNAseq.g5969.t1",11.6360793872914,2.84732983212676,0.863652540042905,3.29684647483964,0.000977769322750012,0.0312360500848418,"Up at 9 hpf"
"Montipora_capitata_HIv3___RNAseq.g15807.t1",62.2881758021191,5.33707722192734,1.38074163242165,3.86536995525136,0.000110920938253285,0.00528683595000816,"Up at 9 hpf"
"Montipora_capitata_HIv3___RNAseq.g39337.t1",1091.87191673393,5.26584890610155,1.23132496046685,4.27657123437589,1.89793844638362e-05,0.00115077043351138,"Up at 9 hpf"
"Montipora_capitata_HIv3___RNAseq.g6843.t1",27.9040212063588,6.0202279761901,1.13178519335487,5.31923196339474,1.042062084735e-07,1.23596964393242e-05,"Up at 9 hpf"
"Montipora_capitata_HIv3___TS.g41951.t2",20.1230792367909,4.81459483633922,1.52972774997389,3.14735405461619,0.00164755331259987,0.0467663779465052,"Up at 9 hpf"
"Montipora_capitata_HIv3___TS.g37237.t1",9.16140024000257,5.34553261782548,1.43269946012621,3.73109138838831,0.000190652042292321,0.00847927780080997,"Up at 9 hpf"
"Montipora_capitata_HIv3___RNAseq.g7423.t1",19.0417517626198,6.48367842623634,1.2357445218373,5.24677901593805,1.54781367510485e-07,1.74628649192526e-05,"Up at 9 hpf"
"Montipora_capitata_HIv3___RNAseq.g12316.t1",58.0813848017809,5.66608697567533,0.886239960225214,6.39340046710988,1.62236618350438e-10,3.44289280799394e-08,"Up at 9 hpf"
"Montipora_capitata_HIv3___RNAseq.g40941.t2",19.8333974302409,6.04656476120405,1.72749641065756,3.50018947877435,0.000464927558013204,0.0169138747941702,"Up at 9 hpf"
"Montipora_capitata_HIv3___RNAseq.g26524.t1",119.935400555323,3.82307962683047,0.354635182905959,10.7803168188314,4.26414553143762e-27,3.80063291217035e-24,"Up at 9 hpf"
"Montipora_capitata_HIv3___RNAseq.g29756.t1",17.3261469005384,9.07829806761287,1.56822938902192,5.78888403135643,7.08555940353667e-09,1.07822203420968e-06,"Up at 9 hpf"
"Montipora_capitata_HIv3___RNAseq.g15260.t1",12.9679751137361,4.47726801722139,1.26675594314035,3.53443616465065,0.000408646130940439,0.0156994093322075,"Up at 9 hpf"
"Montipora_capitata_HIv3___RNAseq.g27982.t1",14.4468072807849,5.65948877758504,1.27442306514908,4.44082419123745,8.96149875966217e-06,0.000614414141883607,"Up at 9 hpf"
"Montipora_capitata_HIv3___RNAseq.g6260.t1",8.90142797859823,5.03734168785283,1.33178702942308,3.78239281248668,0.000155327986261934,0.00717325565571306,"Up at 9 hpf"
"Montipora_capitata_HIv3___RNAseq.g47334.t1",8.46725419410234,5.06455542769709,1.17981956949885,4.29265250266051,1.76551206993647e-05,0.00108524200547198,"Up at 9 hpf"
"Montipora_capitata_HIv3___RNAseq.21539_t",17.3688436510228,6.82716057119001,1.5810141289409,4.31821604008273,1.57295425570818e-05,0.000981853448135966,"Up at 9 hpf"
"Montipora_capitata_HIv3___RNAseq.g11053.t1",4348.48374122306,13.2057812360046,0.692797339057547,19.0615357356441,5.27048752833288e-81,9.39517106800619e-78,"Up at 9 hpf"
"Montipora_capitata_HIv3___RNAseq.g24449.t1",47.4774655628438,6.35658792668066,1.20213894383267,5.28773147171704,1.23842597954673e-07,1.41513984047436e-05,"Up at 9 hpf"
"Montipora_capitata_HIv3___TS.g28612.t1",122.76942030281,2.93324474865276,0.698927051577488,4.19678239958288,2.70733824199534e-05,0.00154682729172465,"Up at 9 hpf"
"Montipora_capitata_HIv3___RNAseq.g34429.t1",36.4213831411467,-4.93839349587363,1.4010021910454,-3.52490062288104,0.000423641687220789,0.0159321449713034,"Up at 1 hpf"
"Montipora_capitata_HIv3___RNAseq.g23963.t1",34.867201354358,-4.74711136056466,1.5075102434132,-3.14897453022712,0.00163844474569819,0.0466564153942745,"Up at 1 hpf"
"Montipora_capitata_HIv3___RNAseq.g50448.t1",85.9641267472076,6.43711727478868,0.933257965528259,6.89746834482685,5.29374341183678e-12,1.42979197059701e-09,"Up at 9 hpf"
"Montipora_capitata_HIv3___RNAseq.g41365.t1",210.054605874888,-2.63028681365344,0.792494273531474,-3.31899787986162,0.000903411153158679,0.0290689660942358,"Up at 1 hpf"
"Montipora_capitata_HIv3___TS.g29965.t1",8.85947888624207,-6.0912666383836,1.25063636421301,-4.87053376399834,1.11297179958885e-06,9.63098800945188e-05,"Up at 1 hpf"
"Montipora_capitata_HIv3___RNAseq.g37133.t1",51.1822843686993,6.65322737878479,1.23358912833606,5.39339008909642,6.91406248473587e-08,8.55903318422928e-06,"Up at 9 hpf"
"Montipora_capitata_HIv3___RNAseq.g43835.t1",22.6699763586031,7.23827791554922,1.17545686908369,6.15784220240398,7.37427767103613e-10,1.28876346827343e-07,"Up at 9 hpf"
"Montipora_capitata_HIv3___RNAseq.g43853.t1",126.721161303431,8.6744166942822,1.06463276203597,8.1478017618897,3.7059922199934e-16,1.50143221167278e-13,"Up at 9 hpf"
"Montipora_capitata_HIv3___RNAseq.g27770.t2",14.6307737173024,5.20487001167946,1.59137518238129,3.27067436347161,0.00107291377291419,0.0334366449579867,"Up at 9 hpf"
"Montipora_capitata_HIv3___TS.g23059.t1a",29.7134199910168,5.98619168135957,1.16061989559364,5.15775380388228,2.49929943842357e-07,2.68388625236979e-05,"Up at 9 hpf"
"Montipora_capitata_HIv3___RNAseq.g14367.t1",46.4299118287453,5.14835635381846,0.972559656232164,5.29361496832383,1.19921789698176e-07,1.3881336514024e-05,"Up at 9 hpf"
"Montipora_capitata_HIv3___RNAseq.g38905.t1",21.5133643460975,7.28664760393444,1.14306124733268,6.37467819063743,1.83347529906389e-10,3.7140375773992e-08,"Up at 9 hpf"
"Montipora_capitata_HIv3___RNAseq.g5420.t1",8.01125755285958,17.0904762664257,2.49712378520187,6.8440645064154,7.69772315224046e-12,2.01793548399762e-09,"Up at 9 hpf"
"Montipora_capitata_HIv3___RNAseq.g19903.t1",26.4170769475843,6.39029079039145,1.26036900550177,5.07017449849728,3.9745112330003e-07,3.94289810493058e-05,"Up at 9 hpf"
"Montipora_capitata_HIv3___RNAseq.g3268.t1",10.2027001044446,6.50225120531637,1.4483340410787,4.48946929430285,7.14008383278667e-06,0.000496345612166934,"Up at 9 hpf"
"Montipora_capitata_HIv3___RNAseq.g40628.t1",207.49638257371,2.3425540757103,0.433378813574966,5.40532670802811,6.46903686118228e-08,8.19697336398867e-06,"Up at 9 hpf"
"Montipora_capitata_HIv3___RNAseq.g5305.t1",76.6303038563479,3.42572108026179,1.01431744562045,3.37736582866943,0.000731836466405804,0.0248017430611214,"Up at 9 hpf"
"Montipora_capitata_HIv3___RNAseq.g39460.t1",18.402181641334,4.47783470646615,1.343912136357,3.3319400765324,0.000862428241257023,0.0279729061370852,"Up at 9 hpf"
"Montipora_capitata_HIv3___RNAseq.g6290.t1",66.6591478121816,7.24232987689937,1.16070322299118,6.23960520953458,4.3867662425263e-10,7.97943826931365e-08,"Up at 9 hpf"
"Montipora_capitata_HIv3___RNAseq.g50445.t1",83.4478957590455,6.55998614220849,0.915433275668964,7.16599048403031,7.72261381245985e-13,2.29438856368182e-10,"Up at 9 hpf"
"Montipora_capitata_HIv3___RNAseq.601_t",7.65527786213842,6.7745637400801,1.75777427909383,3.85405783931059,0.000116176131078562,0.0054498834542275,"Up at 9 hpf"
"Montipora_capitata_HIv3___TS.g2147.t1",8.95473478747088,6.9312629000614,1.35583879080652,5.11215857450011,3.1849828792896e-07,3.30090144222189e-05,"Up at 9 hpf"
"Montipora_capitata_HIv3___RNAseq.g33308.t1",6.12102442486407,5.17906766427847,1.17900522036909,4.39274362386381,1.11929091847732e-05,0.000738980737510249,"Up at 9 hpf"
"Montipora_capitata_HIv3___RNAseq.g15677.t1",33.981883427736,-5.77718649434345,1.58112301014356,-3.65385011620247,0.000258337109497957,0.0108611257403551,"Up at 1 hpf"
"Montipora_capitata_HIv3___RNAseq.g43854.t1",46.7747799122298,7.25027544575151,1.1570088904304,6.26639562212394,3.69500861067675e-10,7.00715143552381e-08,"Up at 9 hpf"
"Montipora_capitata_HIv3___RNAseq.g30227.t1",12.5616241657574,3.57094497408802,1.00009698226839,3.57059868932764,0.000356166227732142,0.014171917802574,"Up at 9 hpf"
"Montipora_capitata_HIv3___TS.g11257.t2",942.572760164467,9.76171148997474,1.16875067873523,8.35226166502715,6.69680996654559e-17,3.14150880167478e-14,"Up at 9 hpf"
"Montipora_capitata_HIv3___RNAseq.g22990.t1",24.5758407082971,6.30284228779826,1.29739312645437,4.85808207187226,1.185282807053e-06,0.000101581015954456,"Up at 9 hpf"
"Montipora_capitata_HIv3___RNAseq.g33742.t1",7.76229330595185,5.39004095351994,1.68104879543454,3.20635603687319,0.0013442755016207,0.0402064682749844,"Up at 9 hpf"
"Montipora_capitata_HIv3___RNAseq.g46319.t1",192.608922767053,5.26416242489958,1.19547485619162,4.4034070625872,1.06563946268426e-05,0.000708809293351106,"Up at 9 hpf"
"Montipora_capitata_HIv3___TS.g34025.t2",62.7160812267167,1.94683206274672,0.502798927242195,3.87198929286687,0.000107950695411158,0.00517292767849274,"Up at 9 hpf"
"Montipora_capitata_HIv3___RNAseq.g47248.t1",9.37037052325496,-5.96837915092254,1.62925664680496,-3.6632529090041,0.000249032436780006,0.0105195550190531,"Up at 1 hpf"
"Montipora_capitata_HIv3___RNAseq.g27215.t1",57.2042162722969,6.40215142278472,1.00216221108007,6.38833848652589,1.67697818177623e-10,3.47602477538874e-08,"Up at 9 hpf"
"Montipora_capitata_HIv3___RNAseq.g50446.t1",47.080086420164,6.53826542992489,1.07052938866818,6.10750671502722,1.011995559606e-09,1.70187102316383e-07,"Up at 9 hpf"
"Montipora_capitata_HIv3___RNAseq.g3261.t1",124.8900044645,5.39841261239125,1.38297019892799,3.90349164181256,9.48148260865497e-05,0.00471986838441427,"Up at 9 hpf"
"Montipora_capitata_HIv3___RNAseq.g29282.t1",19.1020606216097,6.37315279919732,1.81627107767571,3.50892159079749,0.000449927526697066,0.0165799957564484,"Up at 9 hpf"
"Montipora_capitata_HIv3___TS.g44831.t1",217.540351110921,6.31765244929335,1.80551451962619,3.49908703619915,0.000466854161825832,0.0169149233510311,"Up at 9 hpf"
"Montipora_capitata_HIv3___RNAseq.g11051.t1",4318.3827171973,13.0168772222935,0.676158738736267,19.2512149537871,1.37890982554353e-82,3.07255581876736e-79,"Up at 9 hpf"
"Montipora_capitata_HIv3___RNAseq.g48276.t1",16.550599273046,4.34794329784571,1.12880679649994,3.85180467669689,0.00011725053073979,0.00547148680881542,"Up at 9 hpf"
"Montipora_capitata_HIv3___RNAseq.g29358.t2",9.5619171086419,6.55275728756618,1.50728224199722,4.34739898407046,1.37761483756768e-05,0.000883358348722353,"Up at 9 hpf"
"Montipora_capitata_HIv3___RNAseq.g30441.t1",380.657918816987,-4.3232637776942,1.28357257395948,-3.3681490750134,0.000756746660305298,0.0252617340198544,"Up at 1 hpf"
"Montipora_capitata_HIv3___RNAseq.g8898.t1",23.9523232205048,-5.77024245740582,1.47871177512095,-3.90220904065896,9.53187825866227e-05,0.00471986838441427,"Up at 1 hpf"
"Montipora_capitata_HIv3___RNAseq.g44284.t1",6.63085647407612,5.27378628965523,1.32196539555156,3.9893527526527,6.62538319284416e-05,0.0034942035738355,"Up at 9 hpf"
"Montipora_capitata_HIv3___RNAseq.g6846.t1",28.8876320926659,6.11089354523729,1.13088135801554,5.40365574330505,6.52962087785477e-08,8.19697336398867e-06,"Up at 9 hpf"
"Montipora_capitata_HIv3___RNAseq.g37004.t2",18.7751150809867,6.07470277323212,1.24316302473151,4.88648926358157,1.02649922435207e-06,9.05860157094059e-05,"Up at 9 hpf"
"Montipora_capitata_HIv3___RNAseq.g4271.t1",29.7253983963826,6.89808524007668,1.16867079627566,5.90250501857289,3.5802322352846e-09,5.69832319876636e-07,"Up at 9 hpf"
"Montipora_capitata_HIv3___RNAseq.g26487.t1",31.5921085971192,5.79993947820254,1.12747112532013,5.14420223094913,2.68660007671935e-07,2.85067458140471e-05,"Up at 9 hpf"
"Montipora_capitata_HIv3___TS.g14530.t1b",18.6989910211299,-7.08341136037745,1.9515624831742,-3.6296103360505,0.000283849383590832,0.0116587537140327,"Up at 1 hpf"
"Montipora_capitata_HIv3___RNAseq.g45409.t1",330.81836928273,-1.00602350245914,0.268800265547419,-3.74264326119748,0.000182094655356954,0.00823862773196209,"Up at 1 hpf"
"Montipora_capitata_HIv3___RNAseq.g42613.t1",12.6164396067479,4.95320496173473,1.18157178643286,4.19204742243241,2.76448189303331e-05,0.00156941573965643,"Up at 9 hpf"
"Montipora_capitata_HIv3___RNAseq.g46024.t1",48.6887081317818,2.866885575085,0.600890110643841,4.77106466607214,1.8325469026107e-06,0.000148486277663356,"Up at 9 hpf"
"Montipora_capitata_HIv3___RNAseq.18418_t",30.4348267407399,4.25053195247524,1.03892709908497,4.09127065433067,4.29016085836296e-05,0.00233159778845055,"Up at 9 hpf"
"Montipora_capitata_HIv3___RNAseq.g10183.t1",12.4749366774845,-5.14387045911931,1.35698511318026,-3.79066093589195,0.000150246943034245,0.00697474480866786,"Up at 1 hpf"
"Montipora_capitata_HIv3___RNAseq.g14929.t1",7.86104246822516,6.18130590596981,1.70961658659489,3.6156094614649,0.00029964182606978,0.0121950118527851,"Up at 9 hpf"
"Montipora_capitata_HIv3___RNAseq.g10780.t1",38.5981928931601,-5.42057991013499,1.62695515753125,-3.33173282929334,0.000863070704330578,0.0279729061370852,"Up at 1 hpf"
"Montipora_capitata_HIv3___RNAseq.g46.t1",86.0926904753068,6.75436400053409,0.540187056188037,12.5037501790545,7.12109951179324e-36,9.06719427837331e-33,"Up at 9 hpf"
"Montipora_capitata_HIv3___RNAseq.g35555.t1",13.3253741866155,6.094139367486,1.2479477417755,4.88332897563135,1.04309624686879e-06,9.11482043955054e-05,"Up at 9 hpf"
"Montipora_capitata_HIv3___RNAseq.g31322.t1",1278.28211107905,1.76435104918316,0.370282465692958,4.76487874164199,1.88967255277444e-06,0.000151735598764672,"Up at 9 hpf"
"Montipora_capitata_HIv3___RNAseq.g43861.t1",100.953784280183,8.22068808940249,1.09163441377082,7.53062379281895,5.04984891526656e-14,1.66701123636188e-11,"Up at 9 hpf"
"Montipora_capitata_HIv3___RNAseq.g43869.t1",50.8286720394904,5.52405805135583,0.875696351946696,6.3081889505143,2.82319427202505e-10,5.47024577099114e-08,"Up at 9 hpf"
"Montipora_capitata_HIv3___RNAseq.g49960.t1",7.62743997476006,5.71559043770035,1.44073372181807,3.96713865382967,7.27406782224075e-05,0.00381375097056658,"Up at 9 hpf"
"Montipora_capitata_HIv3___RNAseq.g49482.t1",1333.61023492405,-7.37344248260079,1.46163328872915,-5.04465965537211,4.54329337361354e-07,4.35423374613091e-05,"Up at 1 hpf"
"Montipora_capitata_HIv3___TS.g27931.t1",150.141863023888,8.29340661918005,1.09677572884272,7.56162486193143,3.98065040343412e-14,1.36459757868494e-11,"Up at 9 hpf"
"Montipora_capitata_HIv3___RNAseq.g22969.t1",9.92714987987725,7.05934441041162,1.14977165954442,6.13977945256432,8.26361303125786e-10,1.41641505668464e-07,"Up at 9 hpf"
"Montipora_capitata_HIv3___RNAseq.g23008.t1",4.67022786018455,5.70269966415393,1.37933779503252,4.13437497666732,3.55921944388235e-05,0.00198270768145771,"Up at 9 hpf"
"Montipora_capitata_HIv3___RNAseq.g43860.t1",63.1384937198128,7.63666856290835,1.10691208292411,6.89907417284187,5.23425383551931e-12,1.42979197059701e-09,"Up at 9 hpf"
"Montipora_capitata_HIv3___RNAseq.g18033.t1",8.80606379663178,6.25945161606263,1.20711621248008,5.18545899006879,2.15483502236323e-07,2.3422005554053e-05,"Up at 9 hpf"
"Montipora_capitata_HIv3___TS.g26050.t2",56.73510128841,6.29742549901202,1.23516276235001,5.0984580259128,3.42431441551597e-07,3.5081510787924e-05,"Up at 9 hpf"
"Montipora_capitata_HIv3___RNAseq.g10966.t1",4346.03494893594,13.0248808488462,0.665789233472408,19.5630692027194,3.19268930864504e-85,9.48547993598442e-82,"Up at 9 hpf"
"Montipora_capitata_HIv3___RNAseq.g15022.t1",25.9488962515985,6.274516470718,1.36031381385909,4.61255072674574,3.97757430245235e-06,0.000292992725270726,"Up at 9 hpf"
"Montipora_capitata_HIv3___TS.g45103.t1",146.290613099536,7.71329984071034,0.584424021291106,13.1981225269799,8.99490197294486e-40,1.33619268808096e-36,"Up at 9 hpf"
"Montipora_capitata_HIv3___RNAseq.g23496.t1",8.66354128989414,5.1146477102489,1.30122817491549,3.93063092918433,8.47232412019966e-05,0.0043150757076194,"Up at 9 hpf"
"Montipora_capitata_HIv3___TS.g34333.t1",59.3461919582934,5.62822217329575,1.22813342351047,4.58274489200706,4.589117739751e-06,0.000332543141580493,"Up at 9 hpf"
"Montipora_capitata_HIv3___RNAseq.g26597.t1",16.6564513976803,4.73878639472054,1.26309011884668,3.75174053221753,0.000175611159672116,0.00802678085209009,"Up at 9 hpf"
"Montipora_capitata_HIv3___RNAseq.g6766.t1",18.7572886008681,5.10886521209029,1.19902940492085,4.26083396380718,2.03665500445773e-05,0.00120331059408065,"Up at 9 hpf"
"Montipora_capitata_HIv3___RNAseq.g6984.t1",31.4449013743926,4.42142810302227,1.20645419564564,3.66481223985145,0.000247520102077784,0.0105054603324728,"Up at 9 hpf"
"Montipora_capitata_HIv3___RNAseq.g30483.t1",8.30962412417301,-5.50264256089792,1.70772975641542,-3.22219750532903,0.00127211412129409,0.0384350954681161,"Up at 1 hpf"
"Montipora_capitata_HIv3___RNAseq.g44632.t1",8.28251316481769,5.2959868700925,1.36120769954619,3.89065303690107,9.99748003475914e-05,0.00486926445627367,"Up at 9 hpf"
"Montipora_capitata_HIv3___RNAseq.g13396.t1",14.3870361063364,6.61932835379324,1.83314651876601,3.61091068609676,0.000305123731523975,0.0123616719048782,"Up at 9 hpf"
"Montipora_capitata_HIv3___RNAseq.g45264.t1",98.6957676093092,4.2519046215232,0.636543343446305,6.67967808523925,2.3946768230569e-11,5.61677750629108e-09,"Up at 9 hpf"
"Montipora_capitata_HIv3___RNAseq.g50214.t1",9.63416313067689,5.6557597852061,1.53492546885298,3.68471297139432,0.000228960512086298,0.00976423466136448,"Up at 9 hpf"
"Montipora_capitata_HIv3___RNAseq.g43365.t1",9.59080470540724,5.19831940079052,1.56435484031896,3.32297971458356,0.000890613907631758,0.0287610208649343,"Up at 9 hpf"
"Montipora_capitata_HIv3___TS.g1477.t1",786.581943801334,8.72271809547338,0.735297396838114,11.8628437051217,1.84597236920396e-32,2.05664396583936e-29,"Up at 9 hpf"
"Montipora_capitata_HIv3___RNAseq.g3486.t1",74.4804086149689,-5.01166889352418,1.60379190237256,-3.12488726630319,0.00177873213890133,0.0496985565956976,"Up at 1 hpf"
"Montipora_capitata_HIv3___RNAseq.g12315.t1",72.0852652045057,6.41487445203729,0.958274138664203,6.69419552632337,2.16861300074895e-11,5.22401288531768e-09,"Up at 9 hpf"
"Montipora_capitata_HIv3___RNAseq.g13610.t1",168.706331737355,2.12604127304054,0.607249557391557,3.50109974912615,0.000463342383784752,0.0169138747941702,"Up at 9 hpf"
"Montipora_capitata_HIv3___RNAseq.g14898.t1",8.42157840439132,4.67053883511547,1.30994765191039,3.5654392969857,0.000363247233667862,0.0143110903271148,"Up at 9 hpf"
"Montipora_capitata_HIv3___TS.g33494.t1",26.7770627507737,-15.2440292232044,2.09845467355346,-7.26440719226525,3.74677762991575e-13,1.15155272467031e-10,"Up at 1 hpf"
"Montipora_capitata_HIv3___TS.g7717.t2",353.76566646925,-2.89992698286967,0.688720222755793,-4.21060234192938,2.54690712909306e-05,0.00147406384685756,"Up at 1 hpf"
"Montipora_capitata_HIv3___RNAseq.g15831.t1",44.1742702731338,7.68500911097208,1.33501997446097,5.75647500261186,8.58884935650226e-09,1.25495761171319e-06,"Up at 9 hpf"
"Montipora_capitata_HIv3___RNAseq.g41360.t1",68.8085566328373,5.84614773233926,1.17062139854858,4.99405507159509,5.91245261470609e-07,5.51617365651786e-05,"Up at 9 hpf"
"Montipora_capitata_HIv3___RNAseq.g23619.t1",231.284963957088,-5.35097658303745,1.31385302043461,-4.07273606698214,4.64640673116531e-05,0.00250990443605312,"Up at 1 hpf"
"Montipora_capitata_HIv3___TS.g14891.t1",26.4461030520277,9.55543886810603,1.65225047347545,5.7832871114308,7.32548771813546e-09,1.08820120052902e-06,"Up at 9 hpf"
"Montipora_capitata_HIv3___RNAseq.g19373.t1",1059.88993006788,-3.9716880008621,0.932185175793862,-4.26062128426335,2.03859418496778e-05,0.00120331059408065,"Up at 1 hpf"
"Montipora_capitata_HIv3___RNAseq.g44176.t1",21.8238782232763,-5.76603447989838,1.65153135574923,-3.49132607130101,0.000480629285294999,0.0173435174892078,"Up at 1 hpf"
"Montipora_capitata_HIv3___RNAseq.g23956.t1",5.54472425025918,5.42823157878343,1.24755011657484,4.35111303879856,1.3544819645187e-05,0.00087481867751849,"Up at 9 hpf"
"Montipora_capitata_HIv3___RNAseq.g26181.t1",26.8784674358998,18.409725806323,5.77282047189403,3.18903487401937,0.00142748655346161,0.0419907183201429,"Up at 9 hpf"
"Montipora_capitata_HIv3___RNAseq.g10964.t1",4327.41575745988,12.7857619407264,0.64301533352173,19.884070058952,5.59091760410029e-88,4.98318486053459e-84,"Up at 9 hpf"
"Montipora_capitata_HIv3___RNAseq.g4531.t2",31.3925390357266,6.55585047488829,1.29364326308672,5.06774213722999,4.02562243407027e-07,3.94289810493058e-05,"Up at 9 hpf"
"Montipora_capitata_HIv3___TS.g48630.t1",7.10748110585097,4.7545279400617,1.4221347001131,3.34323319702668,0.000828082801162602,0.0271349338483907,"Up at 9 hpf"
"Montipora_capitata_HIv3___TS.g44375.t1",12.4371849935677,3.62861659669468,1.05700646391059,3.43291807627168,0.000597122492942366,0.0207087656793592,"Up at 9 hpf"
"Montipora_capitata_HIv3___RNAseq.g10763.t1",61.4257860414585,10.7582087739454,1.17275413801636,9.17345624731043,4.58090843499193e-20,2.26831316006017e-17,"Up at 9 hpf"
"Montipora_capitata_HIv3___RNAseq.g45356.t1",17.6608204877763,18.4253989923103,3.74650937056436,4.91801759180832,8.74250574715871e-07,7.79219537244256e-05,"Up at 9 hpf"
"Montipora_capitata_HIv3___RNAseq.g24203.t1",16.8669899727002,5.79160278821507,1.41179280908095,4.10230364608904,4.09056956903411e-05,0.00225057077585191,"Up at 9 hpf"
"Montipora_capitata_HIv3___RNAseq.g7743.t1",77.9433176619012,4.86467670057694,1.31767452861945,3.69186517225446,0.000222615476100649,0.00953928720425522,"Up at 9 hpf"
"Montipora_capitata_HIv3___RNAseq.g2920.t1",15.7382692802768,2.09372195323574,0.621303673841452,3.36988503591245,0.000751995502397663,0.0251975034318435,"Up at 9 hpf"
"Montipora_capitata_HIv3___RNAseq.g7738.t1",27.462768711366,5.1631057096729,1.39584739128946,3.69890415090673,0.000216532346885747,0.00932344351590658,"Up at 9 hpf"
"Montipora_capitata_HIv3___RNAseq.g47656.t1",13.4373546687349,-5.88062812127403,1.79257075101247,-3.28055565893428,0.00103602820794169,0.0326293972345734,"Up at 1 hpf"
"Montipora_capitata_HIv3___RNAseq.g35247.t1",1467.02421965488,-1.91558454125549,0.612773464490955,-3.1260892519992,0.00177147779128006,0.0496515143197457,"Up at 1 hpf"
"Montipora_capitata_HIv3___RNAseq.27502_t",24.8966336147319,6.16662105417431,1.44894069805008,4.25595130461382,2.08162013024274e-05,0.00122062369874037,"Up at 9 hpf"
"Montipora_capitata_HIv3___RNAseq.g10968.t1",4385.67836660854,12.8034181167059,0.650749548676962,19.6748782119581,3.54026251615678e-86,1.57771799032527e-82,"Up at 9 hpf"
"Montipora_capitata_HIv3___RNAseq.g44183.t1",1333.93719949086,-6.32896847480251,1.24603098106425,-5.07930265858789,3.78822794580445e-07,3.83687223647216e-05,"Up at 1 hpf"
"Montipora_capitata_HIv3___RNAseq.g20882.t1",31.0785785526698,4.48393426490129,1.36381694433746,3.2877830734678,0.0010097961465092,0.0320691079734362,"Up at 9 hpf"
"Montipora_capitata_HIv3___RNAseq.g50203.t1",1794.87817702828,-2.20460473577727,0.59445919348571,-3.70858884837865,0.000208417530127879,0.00901759925257176,"Up at 1 hpf"
"Montipora_capitata_HIv3___RNAseq.g3507.t1",74.3330181822194,7.91155948051885,0.707523329921346,11.1820474971452,4.99246618348168e-29,4.94420567704136e-26,"Up at 9 hpf"
"Montipora_capitata_HIv3___RNAseq.g18729.t1",7.52122009236472,4.68467153318585,1.21419389435113,3.85825653956971,0.000114198746612214,0.0053854678759506,"Up at 9 hpf"
"Montipora_capitata_HIv3___RNAseq.g43366.t1",12.2242192854268,5.37065957996968,1.39073295110189,3.86174755959758,0.00011257885856812,0.00533731577881732,"Up at 9 hpf"
"Montipora_capitata_HIv3___RNAseq.g8202.t1",12.2312076609247,8.56141729311022,2.00312106779508,4.27403886402839,1.91963553003652e-05,0.00115575875666643,"Up at 9 hpf"
"Montipora_capitata_HIv3___RNAseq.g41503.t1",14.0723507297797,3.6130115738361,1.05020902507473,3.4402785422445,0.000581115789474137,0.020232363404621,"Up at 9 hpf"
"Montipora_capitata_HIv3___RNAseq.g35661.t1",32.5000374600409,1.96283385125422,0.504181627266195,3.89310864399646,9.89678027151666e-05,0.00484670343736418,"Up at 9 hpf"
"Montipora_capitata_HIv3___TS.g32395.t1",37.3067218947362,-1.59061329176063,0.329972362491953,-4.82044399036425,1.43239069505784e-06,0.00011821202097269,"Up at 1 hpf"
"Montipora_capitata_HIv3___RNAseq.g15654.t1",19.4297202012587,-6.49110809007439,1.37469155697958,-4.72186510284272,2.33691666777436e-06,0.000181121202259764,"Up at 1 hpf"
"Montipora_capitata_HIv3___TS.g22863.t1a",29.1451644501749,-5.66426443904886,1.51842977289523,-3.73034337192207,0.000191218987766499,0.00847927780080997,"Up at 1 hpf"
"Montipora_capitata_HIv3___RNAseq.g36578.t1",5.90116992576813,4.54555453912045,1.16371047532256,3.90608715441913,9.38026912121845e-05,0.00469698531895619,"Up at 9 hpf"
"Montipora_capitata_HIv3___RNAseq.g11962.t1",24.8063577559848,5.22823263459704,1.46066002168378,3.57936313514638,0.000344432579172993,0.0137664913819233,"Up at 9 hpf"
"Montipora_capitata_HIv3___RNAseq.g20666.t1",4.46326156614288,4.31747897728624,1.352954541345,3.19114859025059,0.00141708379871797,0.0418227413840175,"Up at 9 hpf"
"Montipora_capitata_HIv3___TS.g6867.t1",20.4000192769718,20.5568526746875,5.7708598858739,3.56218190724181,0.000367785396547278,0.0143775054360784,"Up at 9 hpf"
"Montipora_capitata_HIv3___RNAseq.g11946.t1",22.5103016186072,7.10788235481936,1.54982054484048,4.58626153749365,4.51253266543441e-06,0.000329673800385384,"Up at 9 hpf"
"Montipora_capitata_HIv3___RNAseq.g41425.t1",5.83699070794608,5.52826812098922,1.75050015019837,3.1581077672931,0.00158796842590998,0.0456576538405312,"Up at 9 hpf"
"Montipora_capitata_HIv3___RNAseq.g47569.t1",38.299792373,9.46210098983243,1.19137189587444,7.94218918760664,1.98643644618338e-15,7.37712835201353e-13,"Up at 9 hpf"
"Montipora_capitata_HIv3___RNAseq.g39019.t1",198.794510150233,3.9381198739442,0.732091587905321,5.37927212797521,7.47875899592264e-08,9.13125738776143e-06,"Up at 9 hpf"
"Montipora_capitata_HIv3___RNAseq.g18630.t1",659.775222709069,5.17292849813853,1.3895621048993,3.72270406619459,0.000197100491543917,0.00865397379867452,"Up at 9 hpf"
"Montipora_capitata_HIv3___RNAseq.g34560.t1",11.0630459733908,5.8634227207306,1.41879450628857,4.13267932370895,3.58558821984838e-05,0.00198499054680178,"Up at 9 hpf"
"Montipora_capitata_HIv3___RNAseq.g40087.t1",3.72498487764029,6.46429530591823,1.56275879186301,4.13646388654258,3.52698832401597e-05,0.00197710986993423,"Up at 9 hpf"
"Montipora_capitata_HIv3___RNAseq.g34281.t1",6.74287942253257,6.02935509452029,1.53102141303797,3.938125909393,8.21205017274253e-05,0.00420655190745139,"Up at 9 hpf"
"Montipora_capitata_HIv3___RNAseq.g42281.t1",36.686526182436,6.2091130839807,1.30885367262846,4.74393220100111,2.09609028509311e-06,0.000165996257538727,"Up at 9 hpf"
"Montipora_capitata_HIv3___TS.g2574.t1",141.07544073229,3.71349475731596,1.04178497747703,3.56455011120358,0.000364480815017959,0.0143110903271148,"Up at 9 hpf"
"Montipora_capitata_HIv3___RNAseq.g25170.t1",33.485826814995,-5.05872142607666,1.57559318294686,-3.21067740126627,0.00132422503203529,0.0397401269714832,"Up at 1 hpf"
"Montipora_capitata_HIv3___RNAseq.g29499.t1",23.2134155605625,2.62524189874454,0.67663675008691,3.87983936492858,0.000104525471995249,0.00506323658637854,"Up at 9 hpf"
"Montipora_capitata_HIv3___RNAseq.g27212.t1",45.5022085956708,6.53394756728701,1.17747441827268,5.54912061433328,2.87110059648323e-08,3.81942083827687e-06,"Up at 9 hpf"
"Montipora_capitata_HIv3___RNAseq.g33365.t1",9.74659528724986,5.29161264314502,1.41826915940212,3.73103554291184,0.000190694314724983,0.00847927780080997,"Up at 9 hpf"
"Montipora_capitata_HIv3___RNAseq.g27211.t1",88.4484314099847,8.56534357931263,1.07696901876658,7.953194038137,1.81763319160578e-15,7.04372375512273e-13,"Up at 9 hpf"
"Montipora_capitata_HIv3___TS.g20938.t1",22.5812179070631,5.81214291081149,1.4547958993446,3.9951603612781,6.46504780635093e-05,0.00342993875583368,"Up at 9 hpf"
"Montipora_capitata_HIv3___RNAseq.g44468.t1",8.58149400655324,5.82221710982888,1.81718174388475,3.20398173128365,0.00135541076916932,0.0404039337311244,"Up at 9 hpf"
"Montipora_capitata_HIv3___RNAseq.g15718.t1",7.24265783889439,4.57092735743098,1.35790295793959,3.36616643384197,0.000762207048191694,0.0252689525648232,"Up at 9 hpf"
"Montipora_capitata_HIv3___RNAseq.g21393.t1",11.7674498584441,4.34417345804413,1.25573234380721,3.45947405071465,0.000541231425139563,0.0191428400486862,"Up at 9 hpf"
"Montipora_capitata_HIv3___RNAseq.g37089.t1",14.0851977026097,-5.94055472543858,1.84134794508805,-3.22619890569053,0.00125446144240346,0.0380306627079662,"Up at 1 hpf"
"Montipora_capitata_HIv3___RNAseq.g348.t1",52.6872204572044,2.81166583079766,0.583171547644438,4.82133574958279,1.42600109769529e-06,0.00011821202097269,"Up at 9 hpf"
"Montipora_capitata_HIv3___RNAseq.g41552.t1",16.8697651932922,3.90685952659223,1.09029347798014,3.58331000367903,0.000339267562769322,0.0136211341755089,"Up at 9 hpf"
"Montipora_capitata_HIv3___RNAseq.g43836.t1",39.7053497666472,6.74511839270179,1.20167254903794,5.61310849457443,1.9872391142293e-08,2.81147019446441e-06,"Up at 9 hpf"
"Montipora_capitata_HIv3___RNAseq.g8699.t1",39.3039944843612,9.66716694931788,1.45591478796991,6.63992633991823,3.13839951597202e-11,7.17244997073297e-09,"Up at 9 hpf"
"Montipora_capitata_HIv3___RNAseq.g11779.t1",24.6977808606698,5.20067703245013,1.39081936103725,3.7392900747165,0.000184540682883849,0.00830712680072598,"Up at 9 hpf"
"Montipora_capitata_HIv3___RNAseq.g38993.t1",17.4730213365849,4.88027152183809,1.16199065548685,4.1999232083268,2.67005521654107e-05,0.00153536788032455,"Up at 9 hpf"
"Montipora_capitata_HIv3___RNAseq.g48127.t1b",30.0376826131154,-5.46057704818994,1.55283955108914,-3.51651079749995,0.000437258873689971,0.0162891614583511,"Up at 1 hpf"
"Montipora_capitata_HIv3___RNAseq.g38473.t2",5.36902967661173,4.57460265774227,1.44852938740332,3.15810138028531,0.0015880032189571,0.0456576538405312,"Up at 9 hpf"
"Montipora_capitata_HIv3___RNAseq.g34706.t1",50.2684267486461,-5.2036624431211,1.64721245673855,-3.15907181361673,0.00158272485042662,0.0456576538405312,"Up at 1 hpf"
"Montipora_capitata_HIv3___RNAseq.g48853.t1",4.62000272248736,5.56772434459556,1.25633072105253,4.43173461517445,9.34780263830627e-06,0.000636007365765067,"Up at 9 hpf"
"Montipora_capitata_HIv3___RNAseq.g27083.t1",50.6949090201763,1.84331911896844,0.576714799946785,3.19624035855942,0.001392310736919,0.0412281249108273,"Up at 9 hpf"
"Montipora_capitata_HIv3___RNAseq.g7176.t1",38.7515483618761,4.56484087126024,1.29337711957234,3.5293966486508,0.000416508353716603,0.0157971870496855,"Up at 9 hpf"
"Montipora_capitata_HIv3___RNAseq.g30058.t1",21.5663825732946,4.76980715989489,1.22007641259087,3.90943313932779,9.25129559259223e-05,0.00465857613654094,"Up at 9 hpf"
"Montipora_capitata_HIv3___RNAseq.g27679.t2",27.1118377385691,5.52583296325606,1.61241776960736,3.42704791984626,0.000610181381016404,0.0210796381744155,"Up at 9 hpf"
"Montipora_capitata_HIv3___TS.g25967.t1",23.4621795661118,2.41428194520887,0.670418148468204,3.60115839752416,0.000316802481131534,0.012776744408712,"Up at 9 hpf"
"Montipora_capitata_HIv3___RNAseq.g23501.t1",56.858075403867,-7.06689951895686,1.56319939742983,-4.52079212068279,6.16086648016716e-06,0.000435807959823253,"Up at 1 hpf"
"Montipora_capitata_HIv3___RNAseq.g24890.t1",28.5767289996486,4.02091664009653,1.23958403173711,3.24376285685269,0.00117961912202703,0.0363203593751915,"Up at 9 hpf"
"Montipora_capitata_HIv3___RNAseq.g40593.t1",7.61819560317416,6.00403674859393,1.71114716971061,3.50877870406047,0.000450169300242401,0.0165799957564484,"Up at 9 hpf"
"Montipora_capitata_HIv3___RNAseq.g32680.t1",27.494616032653,4.35456665478978,0.867776576680677,5.018073513169,5.21922066776642e-07,4.94882061827682e-05,"Up at 9 hpf"
"Montipora_capitata_HIv3___RNAseq.g49397.t1",16.8517106608728,7.29791685438394,1.39943717223635,5.21489424403498,1.83922136140138e-07,2.02382469063833e-05,"Up at 9 hpf"
"Montipora_capitata_HIv3___RNAseq.g47393.t1",57.9459967572081,6.38113429492071,1.16028225111767,5.49963966851506,3.80568155617836e-08,4.91594778408953e-06,"Up at 9 hpf"
"Montipora_capitata_HIv3___RNAseq.g11052.t1",88.714401577593,10.7029692255148,1.09719375620708,9.75485794096592,1.75846698757824e-22,1.04488108401899e-19,"Up at 9 hpf"
"Montipora_capitata_HIv3___TS.g28207.t1a",27.2202011319539,4.70829210415584,0.97240836453837,4.84188770464865,1.28611443461899e-06,0.000109172742435801,"Up at 9 hpf"
"Montipora_capitata_HIv3___RNAseq.g50271.t1",8.55288715340121,-6.3427304607639,1.6052871941095,-3.95114997742345,7.77765624172226e-05,0.00403036337688782,"Up at 1 hpf"
"Montipora_capitata_HIv3___RNAseq.g43497.t1",30.8100330539717,4.30780738102222,1.2493913230298,3.44792484277519,0.000564911206654188,0.0198230456098771,"Up at 9 hpf"
"Montipora_capitata_HIv3___TS.g9918.t1",5.26460202040678,4.83804724984889,1.37210276753087,3.52600939545883,0.000421872002125242,0.0159321449713034,"Up at 9 hpf"
"Montipora_capitata_HIv3___RNAseq.g2532.t1",15.6161185635458,7.2149825438577,1.24661463327976,5.78766071827312,7.13733872078663e-09,1.07822203420968e-06,"Up at 9 hpf"
"Montipora_capitata_HIv3___RNAseq.g19541.t1",623.0273335834,3.35084134879852,1.03773655204504,3.22899038507906,0.00124228071369701,0.0377899249187081,"Up at 9 hpf"
"Montipora_capitata_HIv3___TS.g41615.t1",9.112405027778,7.51370711183315,1.27967435810863,5.87157745579781,4.31667828617476e-09,6.74992167801327e-07,"Up at 9 hpf"
"Montipora_capitata_HIv3___RNAseq.g27216.t1",29.5242820401513,7.30405785560224,1.31456045536497,5.55627382962344,2.75594413701758e-08,3.776155820879e-06,"Up at 9 hpf"
"Montipora_capitata_HIv3___RNAseq.g941.t1",27.3574356729719,5.28767219396035,1.55569271911258,3.39891813402367,0.00067652963242371,0.0231030981371361,"Up at 9 hpf"
"Montipora_capitata_HIv3___TS.g26868.t1",29.995961202655,2.04655049090203,0.519635483148471,3.938434839942,8.20148599069162e-05,0.00420655190745139,"Up at 9 hpf"
"Montipora_capitata_HIv3___RNAseq.g26922.t1",9.95987007188121,4.1825934611231,1.28619942867087,3.25190119657051,0.00114635863777518,0.0354774115919797,"Up at 9 hpf"
"Montipora_capitata_HIv3___TS.g7127.t1",19.3399084368967,5.45214470534906,1.1590935082981,4.70380057028743,2.55362695991445e-06,0.000196211009428599,"Up at 9 hpf"
"Montipora_capitata_HIv3___RNAseq.g23505.t1",42.4581263687305,2.46751519118361,0.698649001567535,3.5318381413948,0.00041268186801143,0.0157319430085722,"Up at 9 hpf"
"Montipora_capitata_HIv3___RNAseq.g39241.t1",22.5920013323657,1.56458087376175,0.428394912090554,3.65219294068325,0.000260010408041291,0.0108801538350799,"Up at 9 hpf"
"Montipora_capitata_HIv3___RNAseq.g40940.t1",5.00566864383083,5.27153361614707,1.40098202739854,3.76274178615672,0.000168060697565248,0.00772126287319099,"Up at 9 hpf"
"Montipora_capitata_HIv3___RNAseq.g44973.t1",35.8556483944682,-21.0773597704714,2.54139147478046,-8.29362968264939,1.0984406137145e-16,4.89520059501865e-14,"Up at 1 hpf"
"Montipora_capitata_HIv3___RNAseq.g10394.t1",18.2631295627703,-4.54461197663373,1.33464115380811,-3.40511901919603,0.000661352228763356,0.0226716631344915,"Up at 1 hpf"
"Montipora_capitata_HIv3___RNAseq.g11930.t1",253.625631530756,4.26079555633406,1.20139191866306,3.54654920691958,0.000390311843050029,0.0150599543597615,"Up at 9 hpf"
"Montipora_capitata_HIv3___RNAseq.g5005.t1",76.8664959805634,-5.68118115682575,1.45278396257142,-3.91054781935374,9.2087026118129e-05,0.00465857613654094,"Up at 1 hpf"
"Montipora_capitata_HIv3___RNAseq.g43859.t1",59.2211655393152,6.70314928100118,1.09817101482596,6.10392114753047,1.03497360868368e-09,1.70828143966624e-07,"Up at 9 hpf"
"Montipora_capitata_HIv3___RNAseq.g15857.t1",34.57668802984,6.8204785726373,1.1055287762679,6.16942653963493,6.85381091452916e-10,1.22176033362397e-07,"Up at 9 hpf"
"Montipora_capitata_HIv3___TS.g36557.t1",29.887249760377,-2.10982292947604,0.639410325053335,-3.29963850568109,0.000968094425643649,0.0310382216394311,"Up at 1 hpf"
"Montipora_capitata_HIv3___TS.g36120.t1",21.8566624611861,5.1402191558576,1.18035290500723,4.35481552512985,1.33179024862125e-05,0.000866441349340234,"Up at 9 hpf"
"Montipora_capitata_HIv3___RNAseq.g30435.t1",366.603438027956,-4.32111702700709,1.29130386809782,-3.34632082638489,0.000818915848248114,0.0269335681012378,"Up at 1 hpf"
"Montipora_capitata_HIv3___RNAseq.g25795.t1",7.4413332112157,6.04041381501204,1.87934599398314,3.21410418004501,0.00130852187340752,0.0394015387083826,"Up at 9 hpf"
"Montipora_capitata_HIv3___RNAseq.g24526.t1",6.02233588759007,5.20756755451453,1.6624630979607,3.13244099126321,0.00173359271454512,0.0487429396364058,"Up at 9 hpf"
"Montipora_capitata_HIv3___RNAseq.g15859.t1",62.9291662170648,4.43234959667114,1.24947439514131,3.54737128980531,0.000389095818836329,0.0150599543597615,"Up at 9 hpf"
"Montipora_capitata_HIv3___RNAseq.g16609.t1",6.58263878909438,4.01895262228321,1.26439095203305,3.17856800210491,0.00148004495952899,0.0433854502622757,"Up at 9 hpf"
"Montipora_capitata_HIv3___RNAseq.g35271.t1",1332.63097818792,4.0529338156295,0.761283474137681,5.32381688729067,1.01612196930418e-07,1.22387771789299e-05,"Up at 9 hpf"
"Montipora_capitata_HIv3___RNAseq.g48640.t1",906.002805884008,1.69409278444926,0.374011400077253,4.5295217848957,5.91173389346052e-06,0.000421530273539309,"Up at 9 hpf"
"Montipora_capitata_HIv3___RNAseq.g7336.t1",301.412920209745,2.9913096334772,0.69483408254436,4.30507038820483,1.66932649723022e-05,0.00103324354651479,"Up at 9 hpf"
"Montipora_capitata_HIv3___RNAseq.g9619.t1",34.6607097987056,5.16421686694577,1.53422399665554,3.36601231515297,0.000762633034885834,0.0252689525648232,"Up at 9 hpf"
"Montipora_capitata_HIv3___RNAseq.g11050.t1",99.1828409541961,11.6160667931996,1.09478934559735,10.6103213736169,2.66829704598527e-26,2.16204832462425e-23,"Up at 9 hpf"
"Montipora_capitata_HIv3___RNAseq.g43868.t1",99.2977065591511,8.14982564071644,1.06965073691431,7.61914647413488,2.55358567284322e-14,9.10404364082066e-12,"Up at 9 hpf"
"Montipora_capitata_HIv3___RNAseq.g5373.t1c",1085.72784011766,-3.1063953650742,0.960657787209807,-3.23361284989591,0.00122235033105608,0.0373109880161057,"Up at 1 hpf"
"Montipora_capitata_HIv3___RNAseq.g35053.t1",67.5141068500217,1.10932877743554,0.280729949829893,3.95158684745869,7.76346878091443e-05,0.00403036337688782,"Up at 9 hpf"
"Montipora_capitata_HIv3___RNAseq.g39782.t1",12.1316119275131,-5.29782475878627,1.63349275226768,-3.24324962656346,0.0011817462379452,0.0363203593751915,"Up at 1 hpf"
"Montipora_capitata_HIv3___TS.g29040.t1",9.05074307515705,4.95060488371628,1.33486666420538,3.70868867765403,0.000208335390163481,0.00901759925257176,"Up at 9 hpf"
"Montipora_capitata_HIv3___RNAseq.g4272.t1",5.68063127528846,5.46847106439778,1.21841864109889,4.48817087981005,7.18372982941036e-06,0.000496345612166934,"Up at 9 hpf"
"Montipora_capitata_HIv3___RNAseq.g26951.t1",6.80860558759411,5.08026359138584,1.18903428134533,4.27259640120535,1.93209979516771e-05,0.00115575875666643,"Up at 9 hpf"
"Montipora_capitata_HIv3___RNAseq.g43832.t1",63.0948536344978,7.18362524406864,1.08462225660211,6.62315861613738,3.51603375368599e-11,7.83460221165081e-09,"Up at 9 hpf"
"Montipora_capitata_HIv3___TS.g45494.t1",22.031352848455,7.26780842974383,1.4175930681626,5.12686510181935,2.94606445653537e-07,3.08920852954115e-05,"Up at 9 hpf"
"Montipora_capitata_HIv3___RNAseq.g26712.t1",34.125442309878,4.73256161795465,1.44882028554382,3.26649320497213,0.00108888421052596,0.0338161148725362,"Up at 9 hpf"
"Montipora_capitata_HIv3___TS.g8019.t1",9.67829902251484,7.9428965346096,2.1212127593481,3.74450723983513,0.000180748165314705,0.00821943059923453,"Up at 9 hpf"
"Montipora_capitata_HIv3___RNAseq.g41156.t1",27.5511422649461,-5.77648848760704,1.84280226058917,-3.13462198910057,0.00172075691161912,0.0486892265182895,"Up at 1 hpf"
"Montipora_capitata_HIv3___TS.g50882.t3",39.527708269866,5.29658462790288,1.23627274702588,4.28431722744432,1.83301221673543e-05,0.00111901629368239,"Up at 9 hpf"
"Montipora_capitata_HIv3___RNAseq.g10957.t1",67.7020968011565,10.2976306952423,1.09180355002202,9.43176150602786,4.03258898915644e-21,2.11426268590302e-18,"Up at 9 hpf"
"Montipora_capitata_HIv3___RNAseq.g40850.t1",41.5443022586225,-4.83341581347907,1.29763366448354,-3.72479224743507,0.000195476138574958,0.00862514268870592,"Up at 1 hpf"
"Montipora_capitata_HIv3___RNAseq.g23618.t1",68.445512426032,2.87317478379188,0.851115721915817,3.37577453900689,0.000736082123993553,0.0248511362543732,"Up at 9 hpf"
"Montipora_capitata_HIv3___RNAseq.g15686.t1",19.9462835831447,6.8167097521863,1.54026772667591,4.42566550874738,9.61454067359002e-06,0.000649200007755363,"Up at 9 hpf"
"Montipora_capitata_HIv3___RNAseq.g665.t1",452.850007921005,-7.20840201154029,1.15168194844206,-6.25902144362989,3.87400606753984e-10,7.19354501666304e-08,"Up at 1 hpf"
"Montipora_capitata_HIv3___RNAseq.g20642.t1",15.4456159546021,5.18113491108305,1.29596306502221,3.99790322033155,6.39060683691315e-05,0.00341074722978485,"Up at 9 hpf"
"Montipora_capitata_HIv3___RNAseq.g20496.t1",25.9739986563047,4.04735996383228,1.23116013612738,3.28743584613069,0.00101104222377825,0.0320691079734362,"Up at 9 hpf"
"Montipora_capitata_HIv3___RNAseq.g24189.t1",101.943647426996,3.08251580468996,0.610371493327028,5.05022898085837,4.41280778243049e-07,4.27514736573945e-05,"Up at 9 hpf"
"Montipora_capitata_HIv3___RNAseq.g47564.t1",25.9884681006208,-5.32686879197054,1.18462402000541,-4.49667464276659,6.90244869874426e-06,0.000484421458676437,"Up at 1 hpf"
"Montipora_capitata_HIv3___RNAseq.g22970.t1",13.271473598603,7.41570190993804,1.34112138551903,5.52947853192877,3.21184101924977e-08,4.20987338302547e-06,"Up at 9 hpf"
"Montipora_capitata_HIv3___RNAseq.g47867.t1",10.0578956837917,6.91481128771823,1.2450728933802,5.553740125966,2.79621097473369e-08,3.776155820879e-06,"Up at 9 hpf"
"Montipora_capitata_HIv3___TS.g2143.t1",5.3102106493516,4.15216416818921,1.22534491623408,3.38856767035872,0.000702586900865748,0.0239013627763985,"Up at 9 hpf"
