#,Date-Time (HST),Ch: 1 - Temperature   (Â°C),Host Connected,End of File
1,06/16/2023 14:30:00,23.828,,
2,06/16/2023 14:40:00,24.976,,
3,06/16/2023 14:50:00,25.673,,
4,06/16/2023 15:00:00,26.263,,
5,06/16/2023 15:10:00,26.531,,
6,06/16/2023 15:20:00,26.617,,
7,06/16/2023 15:30:00,26.553,,
8,06/16/2023 15:40:00,26.467,,
9,06/16/2023 15:50:00,26.810,,
10,06/16/2023 16:00:00,27.432,,
11,06/16/2023 16:10:00,27.679,,
12,06/16/2023 16:20:00,27.711,,
13,06/16/2023 16:29:20,,Logged,
14,06/16/2023 16:30:00,27.818,,
15,06/16/2023 16:40:00,28.011,,
16,06/16/2023 16:50:00,27.990,,
17,06/16/2023 17:00:00,27.850,,
18,06/16/2023 17:10:00,27.904,,
19,06/16/2023 17:20:00,28.140,,
20,06/16/2023 17:30:00,28.108,,
21,06/16/2023 17:40:00,27.958,,
22,06/16/2023 17:50:00,26.617,,
23,06/16/2023 18:00:00,24.654,,
24,06/16/2023 18:10:00,23.968,,
25,06/16/2023 18:20:00,23.646,,
26,06/16/2023 18:30:00,23.474,,
27,06/16/2023 18:40:00,23.367,,
28,06/16/2023 18:50:00,23.314,,
29,06/16/2023 19:00:00,23.260,,
30,06/16/2023 19:10:00,23.185,,
31,06/16/2023 19:20:00,23.121,,
32,06/16/2023 19:30:00,23.045,,
33,06/16/2023 19:40:00,22.992,,
34,06/16/2023 19:50:00,22.874,,
35,06/16/2023 20:00:00,22.831,,
36,06/16/2023 20:10:00,23.249,,
37,06/16/2023 20:20:00,25.351,,
38,06/16/2023 20:30:00,26.209,,
39,06/16/2023 20:40:00,26.563,,
40,06/16/2023 20:50:00,26.692,,
41,06/16/2023 21:00:00,26.789,,
42,06/16/2023 21:10:00,26.113,,
43,06/16/2023 21:20:00,26.188,,
44,06/16/2023 21:30:00,26.327,,
45,06/16/2023 21:40:00,26.284,,
46,06/16/2023 21:50:00,26.531,,
47,06/16/2023 22:00:00,26.553,,
48,06/16/2023 22:10:00,26.477,,
49,06/16/2023 22:20:00,26.703,,
50,06/16/2023 22:30:00,26.703,,
51,06/16/2023 22:40:00,26.606,,
52,06/16/2023 22:50:00,26.906,,
53,06/16/2023 23:00:00,26.767,,
54,06/16/2023 23:10:00,27.453,,
55,06/16/2023 23:20:00,28.118,,
56,06/16/2023 23:30:00,27.872,,
57,06/16/2023 23:40:00,27.529,,
58,06/16/2023 23:50:00,27.314,,
59,06/17/2023 00:00:00,27.711,,
60,06/17/2023 00:10:00,27.486,,
61,06/17/2023 00:20:00,27.228,,
62,06/17/2023 00:30:00,27.754,,
63,06/17/2023 00:40:00,27.561,,
64,06/17/2023 00:50:00,27.421,,
65,06/17/2023 01:00:00,27.818,,
66,06/17/2023 01:10:00,27.625,,
67,06/17/2023 01:20:00,27.872,,
68,06/17/2023 01:30:00,27.882,,
69,06/17/2023 01:40:00,27.657,,
70,06/17/2023 01:50:00,28.011,,
71,06/17/2023 02:00:00,27.904,,
72,06/17/2023 02:10:00,27.657,,
73,06/17/2023 02:20:00,28.033,,
74,06/17/2023 02:30:00,27.861,,
75,06/17/2023 02:40:00,27.807,,
76,06/17/2023 02:50:00,28.022,,
77,06/17/2023 03:00:00,27.818,,
78,06/17/2023 03:10:00,28.118,,
79,06/17/2023 03:20:00,27.132,,
80,06/17/2023 03:30:00,27.196,,
81,06/17/2023 03:40:00,27.850,,
82,06/17/2023 03:50:00,27.657,,
83,06/17/2023 04:00:00,28.226,,
84,06/17/2023 04:10:00,28.022,,
85,06/17/2023 04:20:00,28.204,,
86,06/17/2023 04:30:00,28.226,,
87,06/17/2023 04:40:00,27.936,,
88,06/17/2023 04:50:00,28.344,,
89,06/17/2023 05:00:00,28.097,,
90,06/17/2023 05:10:00,28.365,,
91,06/17/2023 05:20:00,28.247,,
92,06/17/2023 05:30:00,27.968,,
93,06/17/2023 05:40:00,28.344,,
94,06/17/2023 05:50:00,28.065,,
95,06/17/2023 06:00:00,28.387,,
96,06/17/2023 06:10:00,28.204,,
97,06/17/2023 06:20:00,28.247,,
98,06/17/2023 06:30:00,28.290,,
99,06/17/2023 06:40:00,27.990,,
100,06/17/2023 06:50:00,28.365,,
101,06/17/2023 07:00:00,28.108,,
102,06/17/2023 07:10:00,28.429,,
103,06/17/2023 07:20:00,28.183,,
104,06/17/2023 07:30:00,28.419,,
105,06/17/2023 07:40:00,28.247,,
106,06/17/2023 07:50:00,28.033,,
107,06/17/2023 08:00:00,28.344,,
108,06/17/2023 08:06:50,,Logged,
109,06/17/2023 08:10:00,27.990,,
110,06/17/2023 08:20:00,29.084,,
111,06/17/2023 08:30:00,29.245,,
112,06/17/2023 08:40:00,28.429,,
113,06/17/2023 08:50:00,27.550,,
114,06/17/2023 09:00:00,27.078,,
115,06/17/2023 09:10:00,26.842,,
116,06/17/2023 09:20:00,26.746,,
117,06/17/2023 09:30:00,26.724,,
118,06/17/2023 09:40:00,26.638,,
119,06/17/2023 09:50:00,26.724,,
120,06/17/2023 10:00:00,26.595,,
121,06/17/2023 10:10:00,26.724,,
122,06/17/2023 10:20:00,26.585,,
123,06/17/2023 10:30:00,26.724,,
124,06/17/2023 10:40:00,26.638,,
125,06/17/2023 10:50:00,26.724,,
126,06/17/2023 11:00:00,26.713,,
127,06/17/2023 11:10:00,26.724,,
128,06/17/2023 11:20:00,26.756,,
129,06/17/2023 11:30:00,26.553,,
130,06/17/2023 11:40:00,26.617,,
131,06/17/2023 11:50:00,26.638,,
132,06/17/2023 12:00:00,26.563,,
133,06/17/2023 12:10:00,26.756,,
134,06/17/2023 12:20:00,26.692,,
135,06/17/2023 12:30:00,26.810,,
136,06/17/2023 12:40:00,26.799,,
137,06/17/2023 12:50:00,26.713,,
138,06/17/2023 13:00:00,26.842,,
139,06/17/2023 13:10:00,26.810,,
140,06/17/2023 13:20:00,26.724,,
141,06/17/2023 13:30:00,26.874,,
142,06/17/2023 13:40:00,26.821,,
143,06/17/2023 13:50:00,26.724,,
144,06/17/2023 14:00:00,26.842,,
145,06/17/2023 14:10:00,26.628,,
146,06/17/2023 14:20:00,26.660,,
147,06/17/2023 14:30:00,26.649,,
148,06/17/2023 14:40:00,26.553,,
149,06/17/2023 14:50:00,26.703,,
150,06/17/2023 15:00:00,26.649,,
151,06/17/2023 15:10:00,26.553,,
152,06/17/2023 15:20:00,26.703,,
153,06/17/2023 15:30:00,26.638,,
154,06/17/2023 15:40:00,26.617,,
155,06/17/2023 15:50:00,26.692,,
156,06/17/2023 16:00:00,26.606,,
157,06/17/2023 16:10:00,26.703,,
158,06/17/2023 16:20:00,26.553,,
159,06/17/2023 16:30:00,26.435,,
160,06/17/2023 16:40:00,26.595,,
161,06/17/2023 16:50:00,26.542,,
162,06/17/2023 17:00:00,26.617,,
163,06/17/2023 17:10:00,26.553,,
164,06/17/2023 17:20:00,26.617,,
165,06/17/2023 17:30:00,26.649,,
166,06/17/2023 17:40:00,26.467,,
167,06/17/2023 17:50:00,26.617,,
168,06/17/2023 18:00:00,26.553,,
169,06/17/2023 18:10:00,26.435,,
170,06/17/2023 18:20:00,26.574,,
171,06/17/2023 18:30:00,26.467,,
172,06/17/2023 18:40:00,26.563,,
173,06/17/2023 18:50:00,26.435,,
174,06/17/2023 19:00:00,26.553,,
175,06/17/2023 19:10:00,26.424,,
176,06/17/2023 19:20:00,26.542,,
177,06/17/2023 19:30:00,26.467,,
178,06/17/2023 19:40:00,26.531,,
179,06/17/2023 19:50:00,26.531,,
180,06/17/2023 20:00:00,26.499,,
181,06/17/2023 20:10:00,26.177,,
182,06/17/2023 20:20:00,25.973,,
183,06/17/2023 20:30:00,25.823,,
184,06/17/2023 20:40:00,25.705,,
185,06/17/2023 20:50:00,25.673,,
186,06/17/2023 21:00:00,25.619,,
187,06/17/2023 21:10:00,25.544,,
188,06/17/2023 21:20:00,25.566,,
189,06/17/2023 21:30:00,25.534,,
190,06/17/2023 21:40:00,25.480,,
191,06/17/2023 21:50:00,25.512,,
192,06/17/2023 22:00:00,25.480,,
193,06/17/2023 22:10:00,25.426,,
194,06/17/2023 22:20:00,25.491,,
195,06/17/2023 22:30:00,25.459,,
196,06/17/2023 22:40:00,25.405,,
197,06/17/2023 22:50:00,25.426,,
198,06/17/2023 23:00:00,25.330,,
199,06/17/2023 23:10:00,25.137,,
200,06/17/2023 23:20:00,25.351,,
201,06/17/2023 23:30:00,25.308,,
202,06/17/2023 23:40:00,25.148,,
203,06/17/2023 23:50:00,25.212,,
204,06/18/2023 00:00:00,25.169,,
205,06/18/2023 00:10:00,25.115,,
206,06/18/2023 00:20:00,25.308,,
207,06/18/2023 00:30:00,25.255,,
208,06/18/2023 00:40:00,25.351,,
209,06/18/2023 00:50:00,25.362,,
210,06/18/2023 01:00:00,25.287,,
211,06/18/2023 01:10:00,25.459,,
212,06/18/2023 01:20:00,25.394,,
213,06/18/2023 01:30:00,25.502,,
214,06/18/2023 01:40:00,25.437,,
215,06/18/2023 01:50:00,25.233,,
216,06/18/2023 02:00:00,25.437,,
217,06/18/2023 02:10:00,25.351,,
218,06/18/2023 02:20:00,25.298,,
219,06/18/2023 02:30:00,25.459,,
220,06/18/2023 02:40:00,25.426,,
221,06/18/2023 02:50:00,25.491,,
222,06/18/2023 03:00:00,25.502,,
223,06/18/2023 03:10:00,25.416,,
224,06/18/2023 03:20:00,25.523,,
225,06/18/2023 03:30:00,25.491,,
226,06/18/2023 03:40:00,25.405,,
227,06/18/2023 03:50:00,25.544,,
228,06/18/2023 04:00:00,25.469,,
229,06/18/2023 04:10:00,25.523,,
230,06/18/2023 04:20:00,25.523,,
231,06/18/2023 04:30:00,25.244,,
232,06/18/2023 04:40:00,25.405,,
233,06/18/2023 04:50:00,25.319,,
234,06/18/2023 05:00:00,25.437,,
235,06/18/2023 05:10:00,25.405,,
236,06/18/2023 05:20:00,25.319,,
237,06/18/2023 05:30:00,25.480,,
238,06/18/2023 05:40:00,25.405,,
239,06/18/2023 05:50:00,25.673,,
240,06/18/2023 06:00:00,25.630,,
241,06/18/2023 06:10:00,25.469,,
242,06/18/2023 06:20:00,25.577,,
243,06/18/2023 06:30:00,25.480,,
244,06/18/2023 06:40:00,25.577,,
245,06/18/2023 06:50:00,25.491,,
246,06/18/2023 07:00:00,25.491,,
247,06/18/2023 07:10:00,25.373,,
248,06/18/2023 07:20:00,25.351,,
249,06/18/2023 07:30:00,25.426,,
250,06/18/2023 07:40:00,25.330,,
251,06/18/2023 07:50:00,25.266,,
252,06/18/2023 08:00:00,25.169,,
253,06/18/2023 08:10:00,25.223,,
254,06/18/2023 08:20:00,25.223,,
255,06/18/2023 08:30:00,25.180,,
256,06/18/2023 08:40:00,25.308,,
257,06/18/2023 08:50:00,25.276,,
258,06/18/2023 09:00:00,25.319,,
259,06/18/2023 09:10:00,25.319,,
260,06/18/2023 09:20:00,25.266,,
261,06/18/2023 09:30:00,25.373,,
262,06/18/2023 09:40:00,25.330,,
263,06/18/2023 09:50:00,25.373,,
264,06/18/2023 10:00:00,25.405,,
265,06/18/2023 10:10:00,25.330,,
266,06/18/2023 10:20:00,25.287,,
267,06/18/2023 10:30:00,25.534,,
268,06/18/2023 10:33:08,,Logged,
269,06/18/2023 10:40:00,25.426,,
270,06/18/2023 10:50:00,25.308,,
271,06/18/2023 11:00:00,25.233,,
272,06/18/2023 11:10:00,25.362,,
273,06/18/2023 11:20:00,25.330,,
274,06/18/2023 11:30:00,25.266,,
275,06/18/2023 11:40:00,25.298,,
276,06/18/2023 11:50:00,25.351,,
277,06/18/2023 12:00:00,25.298,,
278,06/18/2023 12:10:00,25.223,,
279,06/18/2023 12:20:00,25.319,,
280,06/18/2023 12:30:00,25.341,,
281,06/18/2023 12:40:00,25.276,,
282,06/18/2023 12:50:00,25.223,,
283,06/18/2023 13:00:00,25.351,,
284,06/18/2023 13:10:00,25.319,,
285,06/18/2023 13:20:00,25.244,,
286,06/18/2023 13:30:00,25.341,,
287,06/18/2023 13:40:00,25.351,,
288,06/18/2023 13:50:00,25.287,,
289,06/18/2023 14:00:00,25.223,,
290,06/18/2023 14:10:00,25.362,,
291,06/18/2023 14:20:00,25.341,,
292,06/18/2023 14:30:00,25.223,,
293,06/18/2023 14:40:00,25.212,,
294,06/18/2023 14:50:00,25.351,,
295,06/18/2023 15:00:00,25.330,,
296,06/18/2023 15:10:00,25.266,,
297,06/18/2023 15:20:00,25.201,,
298,06/18/2023 15:30:00,25.405,,
299,06/18/2023 15:40:00,25.405,,
300,06/18/2023 15:50:00,25.341,,
301,06/18/2023 16:00:00,25.266,,
302,06/18/2023 16:10:00,25.426,,
303,06/18/2023 16:20:00,25.394,,
304,06/18/2023 16:30:00,25.212,,
305,06/18/2023 16:40:00,25.298,,
306,06/18/2023 16:50:00,25.223,,
307,06/18/2023 17:00:00,25.030,,
308,06/18/2023 17:10:00,25.062,,
309,06/18/2023 17:20:00,25.094,,
310,06/18/2023 17:30:00,25.062,,
311,06/18/2023 17:40:00,25.030,,
312,06/18/2023 17:50:00,25.169,,
313,06/18/2023 18:00:00,25.148,,
314,06/18/2023 18:10:00,25.083,,
315,06/18/2023 18:20:00,25.266,,
316,06/18/2023 18:30:00,25.287,,
317,06/18/2023 18:40:00,25.233,,
318,06/18/2023 18:50:00,25.233,,
319,06/18/2023 19:00:00,25.373,,
320,06/18/2023 19:10:00,25.341,,
321,06/18/2023 19:20:00,25.480,,
322,06/18/2023 19:30:00,25.512,,
323,06/18/2023 19:40:00,25.426,,
324,06/18/2023 19:50:00,25.437,,
325,06/18/2023 20:00:00,25.544,,
326,06/18/2023 20:10:00,25.448,,
327,06/18/2023 20:20:00,25.502,,
328,06/18/2023 20:30:00,25.544,,
329,06/18/2023 20:40:00,25.448,,
330,06/18/2023 20:50:00,25.577,,
331,06/18/2023 21:00:00,25.544,,
332,06/18/2023 21:10:00,25.405,,
333,06/18/2023 21:20:00,25.566,,
334,06/18/2023 21:30:00,25.491,,
335,06/18/2023 21:40:00,25.373,,
336,06/18/2023 21:50:00,25.555,,
337,06/18/2023 22:00:00,25.502,,
338,06/18/2023 22:10:00,25.394,,
339,06/18/2023 22:20:00,25.555,,
340,06/18/2023 22:30:00,25.512,,
341,06/18/2023 22:40:00,25.405,,
342,06/18/2023 22:50:00,25.544,,
343,06/18/2023 23:00:00,25.491,,
344,06/18/2023 23:10:00,25.330,,
345,06/18/2023 23:20:00,25.512,,
346,06/18/2023 23:30:00,25.523,,
347,06/18/2023 23:40:00,25.491,,
348,06/18/2023 23:50:00,25.609,,
349,06/19/2023 00:00:00,25.555,,
350,06/19/2023 00:10:00,25.609,,
351,06/19/2023 00:20:00,25.630,,
352,06/19/2023 00:30:00,25.544,,
353,06/19/2023 00:40:00,25.652,,
354,06/19/2023 00:50:00,25.609,,
355,06/19/2023 01:00:00,25.566,,
356,06/19/2023 01:10:00,25.641,,
357,06/19/2023 01:20:00,25.566,,
358,06/19/2023 01:30:00,25.630,,
359,06/19/2023 01:40:00,25.630,,
360,06/19/2023 01:50:00,25.544,,
361,06/19/2023 02:00:00,25.662,,
362,06/19/2023 02:10:00,25.609,,
363,06/19/2023 02:20:00,25.630,,
364,06/19/2023 02:30:00,25.641,,
365,06/19/2023 02:40:00,25.523,,
366,06/19/2023 02:50:00,25.630,,
367,06/19/2023 03:00:00,25.566,,
368,06/19/2023 03:10:00,25.577,,
369,06/19/2023 03:20:00,25.491,,
370,06/19/2023 03:30:00,25.587,,
371,06/19/2023 03:40:00,25.577,,
372,06/19/2023 03:50:00,25.437,,
373,06/19/2023 04:00:00,25.587,,
374,06/19/2023 04:10:00,25.491,,
375,06/19/2023 04:20:00,25.577,,
376,06/19/2023 04:30:00,25.502,,
377,06/19/2023 04:40:00,25.577,,
378,06/19/2023 04:50:00,25.598,,
379,06/19/2023 05:00:00,25.491,,
380,06/19/2023 05:10:00,25.641,,
381,06/19/2023 05:20:00,25.544,,
382,06/19/2023 05:30:00,25.662,,
383,06/19/2023 05:40:00,25.609,,
384,06/19/2023 05:50:00,25.619,,
385,06/19/2023 06:00:00,25.652,,
386,06/19/2023 06:10:00,25.523,,
387,06/19/2023 06:20:00,25.662,,
388,06/19/2023 06:30:00,25.577,,
389,06/19/2023 06:40:00,25.662,,
390,06/19/2023 06:50:00,25.619,,
391,06/19/2023 07:00:00,25.523,,
392,06/19/2023 07:10:00,25.662,,
393,06/19/2023 07:20:00,25.555,,
394,06/19/2023 07:30:00,25.619,,
395,06/19/2023 07:40:00,25.619,,
396,06/19/2023 07:50:00,25.512,,
397,06/19/2023 08:00:00,25.641,,
398,06/19/2023 08:10:00,25.609,,
399,06/19/2023 08:20:00,25.502,,
400,06/19/2023 08:30:00,25.630,,
401,06/19/2023 08:40:00,25.609,,
402,06/19/2023 08:50:00,25.502,,
403,06/19/2023 09:00:00,25.609,,
404,06/19/2023 09:10:00,25.609,,
405,06/19/2023 09:20:00,25.523,,
406,06/19/2023 09:30:00,25.577,,
407,06/19/2023 09:40:00,25.619,,
408,06/19/2023 09:50:00,25.566,,
409,06/19/2023 10:00:00,25.491,,
410,06/19/2023 10:10:00,25.630,,
411,06/19/2023 10:20:00,25.598,,
412,06/19/2023 10:30:00,25.502,,
413,06/19/2023 10:40:00,25.437,,
414,06/19/2023 10:50:00,25.577,,
415,06/19/2023 11:00:00,25.577,,
416,06/19/2023 11:10:00,25.523,,
417,06/19/2023 11:20:00,25.437,,
418,06/19/2023 11:30:00,25.566,,
419,06/19/2023 11:40:00,25.587,,
420,06/19/2023 11:50:00,25.544,,
421,06/19/2023 12:00:00,25.469,,
422,06/19/2023 12:10:00,25.619,,
423,06/19/2023 12:20:00,25.609,,
424,06/19/2023 12:30:00,25.544,,
425,06/19/2023 12:40:00,25.609,,
426,06/19/2023 12:50:00,25.630,,
427,06/19/2023 13:00:00,25.577,,
428,06/19/2023 13:10:00,25.512,,
429,06/19/2023 13:20:00,25.630,,
430,06/19/2023 13:30:00,25.609,,
431,06/19/2023 13:40:00,25.491,,
432,06/19/2023 13:50:00,25.630,,
433,06/19/2023 14:00:00,25.641,,
434,06/19/2023 14:10:00,25.587,,
435,06/19/2023 14:20:00,25.630,,
436,06/19/2023 14:30:00,25.684,,
437,06/19/2023 14:40:00,25.630,,
438,06/19/2023 14:50:00,25.544,,
439,06/19/2023 15:00:00,25.673,,
440,06/19/2023 15:10:00,25.662,,
441,06/19/2023 15:20:00,25.577,,
442,06/19/2023 15:30:00,25.652,,
443,06/19/2023 15:40:00,25.673,,
444,06/19/2023 15:50:00,25.609,,
445,06/19/2023 16:00:00,25.630,,
446,06/19/2023 16:10:00,25.684,,
447,06/19/2023 16:20:00,25.630,,
448,06/19/2023 16:30:00,25.555,,
449,06/19/2023 16:40:00,25.673,,
450,06/19/2023 16:50:00,25.641,,
451,06/19/2023 17:00:00,25.555,,
452,06/19/2023 17:10:00,25.673,,
453,06/19/2023 17:20:00,25.544,,
454,06/19/2023 17:30:00,25.491,,
455,06/19/2023 17:40:00,25.491,,
456,06/19/2023 17:50:00,25.351,,
457,06/19/2023 18:00:00,25.512,,
458,06/19/2023 18:10:00,25.491,,
459,06/19/2023 18:20:00,25.405,,
460,06/19/2023 18:30:00,25.534,,
461,06/19/2023 18:40:00,25.459,,
462,06/19/2023 18:50:00,25.405,,
463,06/19/2023 19:00:00,25.577,,
464,06/19/2023 19:10:00,25.544,,
465,06/19/2023 19:20:00,25.598,,
466,06/19/2023 19:30:00,25.630,,
467,06/19/2023 19:40:00,25.566,,
468,06/19/2023 19:50:00,25.662,,
469,06/19/2023 20:00:00,25.630,,
470,06/19/2023 20:10:00,25.555,,
471,06/19/2023 20:20:00,25.673,,
472,06/19/2023 20:30:00,25.609,,
473,06/19/2023 20:40:00,25.652,,
474,06/19/2023 20:50:00,25.673,,
475,06/19/2023 21:00:00,25.587,,
476,06/19/2023 21:10:00,25.695,,
477,06/19/2023 21:20:00,25.630,,
478,06/19/2023 21:30:00,25.695,,
479,06/19/2023 21:40:00,25.673,,
480,06/19/2023 21:50:00,25.662,,
481,06/19/2023 22:00:00,25.705,,
482,06/19/2023 22:10:00,25.609,,
483,06/19/2023 22:20:00,25.705,,
484,06/19/2023 22:30:00,25.641,,
485,06/19/2023 22:40:00,25.673,,
486,06/19/2023 22:50:00,25.544,,
487,06/19/2023 23:00:00,25.662,,
488,06/19/2023 23:10:00,25.609,,
489,06/19/2023 23:20:00,25.705,,
490,06/19/2023 23:30:00,25.673,,
491,06/19/2023 23:40:00,25.748,,
492,06/19/2023 23:50:00,25.748,,
493,06/20/2023 00:00:00,25.737,,
494,06/20/2023 00:10:00,25.802,,
495,06/20/2023 00:20:00,25.716,,
496,06/20/2023 00:30:00,25.834,,
497,06/20/2023 00:40:00,25.737,,
498,06/20/2023 00:50:00,25.834,,
499,06/20/2023 01:00:00,25.780,,
500,06/20/2023 01:10:00,25.845,,
501,06/20/2023 01:20:00,25.791,,
502,06/20/2023 01:30:00,25.834,,
503,06/20/2023 01:40:00,25.802,,
504,06/20/2023 01:50:00,25.834,,
505,06/20/2023 02:00:00,25.823,,
506,06/20/2023 02:10:00,25.855,,
507,06/20/2023 02:20:00,25.834,,
508,06/20/2023 02:30:00,25.855,,
509,06/20/2023 02:40:00,25.834,,
510,06/20/2023 02:50:00,25.866,,
511,06/20/2023 03:00:00,25.834,,
512,06/20/2023 03:10:00,25.866,,
513,06/20/2023 03:20:00,25.834,,
514,06/20/2023 03:30:00,25.877,,
515,06/20/2023 03:40:00,25.834,,
516,06/20/2023 03:50:00,25.888,,
517,06/20/2023 04:00:00,25.823,,
518,06/20/2023 04:10:00,25.898,,
519,06/20/2023 04:20:00,25.802,,
520,06/20/2023 04:30:00,25.898,,
521,06/20/2023 04:40:00,25.845,,
522,06/20/2023 04:50:00,25.888,,
523,06/20/2023 05:00:00,25.898,,
524,06/20/2023 05:10:00,25.855,,
525,06/20/2023 05:20:00,25.920,,
526,06/20/2023 05:30:00,25.855,,
527,06/20/2023 05:40:00,25.898,,
528,06/20/2023 05:50:00,25.909,,
529,06/20/2023 06:00:00,25.866,,
530,06/20/2023 06:10:00,25.920,,
531,06/20/2023 06:20:00,25.888,,
532,06/20/2023 06:30:00,25.898,,
533,06/20/2023 06:40:00,25.931,,
534,06/20/2023 06:50:00,25.845,,
535,06/20/2023 07:00:00,25.920,,
536,06/20/2023 07:10:00,25.866,,
537,06/20/2023 07:20:00,25.888,,
538,06/20/2023 07:30:00,25.888,,
539,06/20/2023 07:40:00,25.866,,
540,06/20/2023 07:50:00,25.834,,
541,06/20/2023 08:00:00,25.855,,
542,06/20/2023 08:10:00,25.791,,
543,06/20/2023 08:20:00,25.866,,
544,06/20/2023 08:30:00,25.770,,
545,06/20/2023 08:40:00,25.866,,
546,06/20/2023 08:50:00,25.802,,
547,06/20/2023 09:00:00,25.855,,
548,06/20/2023 09:10:00,25.845,,
549,06/20/2023 09:20:00,25.727,,
550,06/20/2023 09:30:00,25.866,,
551,06/20/2023 09:40:00,25.791,,
552,06/20/2023 09:50:00,25.791,,
553,06/20/2023 10:00:00,25.834,,
554,06/20/2023 10:10:00,25.748,,
555,06/20/2023 10:20:00,25.791,,
556,06/20/2023 10:30:00,25.813,,
557,06/20/2023 10:40:00,25.727,,
558,06/20/2023 10:50:00,25.802,,
559,06/20/2023 11:00:00,25.802,,
560,06/20/2023 11:10:00,25.695,,
561,06/20/2023 11:20:00,25.823,,
562,06/20/2023 11:30:00,25.780,,
563,06/20/2023 11:40:00,25.727,,
564,06/20/2023 11:50:00,25.823,,
565,06/20/2023 12:00:00,25.737,,
566,06/20/2023 12:10:00,25.823,,
567,06/20/2023 12:20:00,25.813,,
568,06/20/2023 12:30:00,25.716,,
569,06/20/2023 12:40:00,25.834,,
570,06/20/2023 12:50:00,25.705,,
571,06/20/2023 13:00:00,25.737,,
572,06/20/2023 13:10:00,25.662,,
573,06/20/2023 13:20:00,25.716,,
574,06/20/2023 13:30:00,25.770,,
575,06/20/2023 13:40:00,25.673,,
576,06/20/2023 13:50:00,25.695,,
577,06/20/2023 14:00:00,25.544,,
578,06/20/2023 14:10:00,25.491,,
579,06/20/2023 14:20:00,25.502,,
580,06/20/2023 14:25:45,,Logged,
581,06/20/2023 14:30:00,25.319,,
582,06/20/2023 14:40:00,25.459,,
583,06/20/2023 14:50:00,25.373,,
584,06/20/2023 15:00:00,25.523,,
585,06/20/2023 15:10:00,25.469,,
586,06/20/2023 15:20:00,25.555,,
587,06/20/2023 15:30:00,25.555,,
588,06/20/2023 15:40:00,25.459,,
589,06/20/2023 15:50:00,25.619,,
590,06/20/2023 16:00:00,25.544,,
591,06/20/2023 16:10:00,25.609,,
592,06/20/2023 16:20:00,25.609,,
593,06/20/2023 16:30:00,25.523,,
594,06/20/2023 16:40:00,25.630,,
595,06/20/2023 16:50:00,25.619,,
596,06/20/2023 17:00:00,25.523,,
597,06/20/2023 17:10:00,25.630,,
598,06/20/2023 17:20:00,25.598,,
599,06/20/2023 17:30:00,25.512,,
600,06/20/2023 17:40:00,25.630,,
601,06/20/2023 17:50:00,25.598,,
602,06/20/2023 18:00:00,25.491,,
603,06/20/2023 18:10:00,25.641,,
604,06/20/2023 18:20:00,25.587,,
605,06/20/2023 18:30:00,25.491,,
606,06/20/2023 18:40:00,25.630,,
607,06/20/2023 18:50:00,25.598,,
608,06/20/2023 19:00:00,25.523,,
609,06/20/2023 19:10:00,25.491,,
610,06/20/2023 19:20:00,25.609,,
611,06/20/2023 19:30:00,25.577,,
612,06/20/2023 19:40:00,25.491,,
613,06/20/2023 19:50:00,25.405,,
614,06/20/2023 20:00:00,25.587,,
615,06/20/2023 20:10:00,25.566,,
616,06/20/2023 20:20:00,25.502,,
617,06/20/2023 20:30:00,25.426,,
618,06/20/2023 20:40:00,25.587,,
619,06/20/2023 20:50:00,25.566,,
620,06/20/2023 21:00:00,25.491,,
621,06/20/2023 21:10:00,25.577,,
622,06/20/2023 21:20:00,25.577,,
623,06/20/2023 21:30:00,25.459,,
624,06/20/2023 21:40:00,25.577,,
625,06/20/2023 21:50:00,25.523,,
626,06/20/2023 22:00:00,25.437,,
627,06/20/2023 22:10:00,25.555,,
628,06/20/2023 22:20:00,25.512,,
629,06/20/2023 22:30:00,25.416,,
630,06/20/2023 22:40:00,25.544,,
631,06/20/2023 22:50:00,25.512,,
632,06/20/2023 23:00:00,25.416,,
633,06/20/2023 23:10:00,25.534,,
634,06/20/2023 23:20:00,25.459,,
635,06/20/2023 23:30:00,25.534,,
636,06/20/2023 23:40:00,25.491,,
637,06/20/2023 23:50:00,25.523,,
638,06/21/2023 00:00:00,25.523,,
639,06/21/2023 00:10:00,25.158,,
640,06/21/2023 00:20:00,24.461,,
641,06/21/2023 00:30:00,24.590,,
642,06/21/2023 00:40:00,24.719,,
643,06/21/2023 00:50:00,24.740,,
644,06/21/2023 01:00:00,24.740,,
645,06/21/2023 01:10:00,24.719,,
646,06/21/2023 01:20:00,24.676,,
647,06/21/2023 01:30:00,24.633,,
648,06/21/2023 01:40:00,24.579,,
649,06/21/2023 01:50:00,24.526,,
650,06/21/2023 02:00:00,24.483,,
651,06/21/2023 02:10:00,24.429,,
652,06/21/2023 02:20:00,24.375,,
653,06/21/2023 02:30:00,24.332,,
654,06/21/2023 02:40:00,24.290,,
655,06/21/2023 02:50:00,24.257,,
656,06/21/2023 03:00:00,24.214,,
657,06/21/2023 03:10:00,24.172,,
658,06/21/2023 03:20:00,24.139,,
659,06/21/2023 03:30:00,24.225,,
660,06/21/2023 03:40:00,24.322,,
661,06/21/2023 03:50:00,24.343,,
662,06/21/2023 04:00:00,24.322,,
663,06/21/2023 04:10:00,24.300,,
664,06/21/2023 04:20:00,24.268,,
665,06/21/2023 04:30:00,24.236,,
666,06/21/2023 04:40:00,24.193,,
667,06/21/2023 04:50:00,24.172,,
668,06/21/2023 05:00:00,24.129,,
669,06/21/2023 05:10:00,24.086,,
670,06/21/2023 05:20:00,24.054,,
671,06/21/2023 05:30:00,24.214,,
672,06/21/2023 05:40:00,24.279,,
673,06/21/2023 05:50:00,24.290,,
674,06/21/2023 06:00:00,24.279,,
675,06/21/2023 06:10:00,24.236,,
676,06/21/2023 06:20:00,24.214,,
677,06/21/2023 06:30:00,24.172,,
678,06/21/2023 06:40:00,24.139,,
679,06/21/2023 06:50:00,24.107,,
680,06/21/2023 07:00:00,24.064,,
681,06/21/2023 07:10:00,24.129,,
682,06/21/2023 07:20:00,24.268,,
683,06/21/2023 07:30:00,24.279,,
684,06/21/2023 07:40:00,24.268,,
685,06/21/2023 07:50:00,24.247,,
686,06/21/2023 08:00:00,24.214,,
687,06/21/2023 08:10:00,24.172,,
688,06/21/2023 08:20:00,24.225,,
689,06/21/2023 08:30:00,24.343,,
690,06/21/2023 08:40:00,24.343,,
691,06/21/2023 08:50:00,24.322,,
692,06/21/2023 09:00:00,24.279,,
693,06/21/2023 09:10:00,24.290,,
694,06/21/2023 09:20:00,24.397,,
695,06/21/2023 09:30:00,24.397,,
696,06/21/2023 09:40:00,24.365,,
697,06/21/2023 09:50:00,24.311,,
698,06/21/2023 10:00:00,24.408,,
699,06/21/2023 10:10:00,24.440,,
700,06/21/2023 10:12:59,,Logged,
701,06/21/2023 10:20:00,24.429,,
702,06/21/2023 10:30:00,24.397,,
703,06/21/2023 10:40:00,24.375,,
704,06/21/2023 10:50:00,24.343,,
705,06/21/2023 11:00:00,24.311,,
706,06/21/2023 11:10:00,24.290,,
707,06/21/2023 11:20:00,24.365,,
708,06/21/2023 11:30:00,24.483,,
709,06/21/2023 11:40:00,24.504,,
710,06/21/2023 11:50:00,24.515,,
711,06/21/2023 12:00:00,24.493,,
712,06/21/2023 12:10:00,24.483,,
713,06/21/2023 12:20:00,24.461,,
714,06/21/2023 12:30:00,24.440,,
715,06/21/2023 12:40:00,24.418,,
716,06/21/2023 12:50:00,24.397,,
717,06/21/2023 13:00:00,24.365,,
718,06/21/2023 13:10:00,24.354,,
719,06/21/2023 13:20:00,24.332,,
720,06/21/2023 13:30:00,24.311,,
721,06/21/2023 13:40:00,24.300,,
722,06/21/2023 13:50:00,24.279,,
723,06/21/2023 14:00:00,24.268,,
724,06/21/2023 14:10:00,24.397,,
725,06/21/2023 14:20:00,24.472,,
726,06/21/2023 14:30:00,24.483,,
727,06/21/2023 14:40:00,24.493,,
728,06/21/2023 14:50:00,24.472,,
729,06/21/2023 15:00:00,24.450,,
730,06/21/2023 15:10:00,24.440,,
731,06/21/2023 15:20:00,24.418,,
732,06/21/2023 15:30:00,24.397,,
733,06/21/2023 15:40:00,24.365,,
734,06/21/2023 15:50:00,24.343,,
735,06/21/2023 16:00:00,24.332,,
736,06/21/2023 16:10:00,24.311,,
737,06/21/2023 16:20:00,24.300,,
738,06/21/2023 16:30:00,24.290,,
739,06/21/2023 16:40:00,24.279,,
740,06/21/2023 16:50:00,24.257,,
741,06/21/2023 17:00:00,24.247,,
742,06/21/2023 17:10:00,24.225,,
743,06/21/2023 17:20:00,24.214,,
744,06/21/2023 17:30:00,24.193,,
745,06/21/2023 17:40:00,24.375,,
746,06/21/2023 17:50:00,24.450,,
747,06/21/2023 18:00:00,24.461,,
748,06/21/2023 18:10:00,24.461,,
749,06/21/2023 18:20:00,24.450,,
750,06/21/2023 18:30:00,24.450,,
751,06/21/2023 18:40:00,24.440,,
752,06/21/2023 18:50:00,24.429,,
753,06/21/2023 19:00:00,24.418,,
754,06/21/2023 19:10:00,24.408,,
755,06/21/2023 19:20:00,24.397,,
756,06/21/2023 19:30:00,24.386,,
757,06/21/2023 19:40:00,24.375,,
758,06/21/2023 19:50:00,24.365,,
759,06/21/2023 20:00:00,24.354,,
760,06/21/2023 20:10:00,24.332,,
761,06/21/2023 20:20:00,24.322,,
762,06/21/2023 20:30:00,24.300,,
763,06/21/2023 20:40:00,24.279,,
764,06/21/2023 20:50:00,24.257,,
765,06/21/2023 21:00:00,24.225,,
766,06/21/2023 21:10:00,24.204,,
767,06/21/2023 21:20:00,24.172,,
768,06/21/2023 21:30:00,24.150,,
769,06/21/2023 21:40:00,24.118,,
770,06/21/2023 21:50:00,24.086,,
771,06/21/2023 22:00:00,24.064,,
772,06/21/2023 22:10:00,24.172,,
773,06/21/2023 22:20:00,24.290,,
774,06/21/2023 22:30:00,24.311,,
775,06/21/2023 22:40:00,24.311,,
776,06/21/2023 22:50:00,24.290,,
777,06/21/2023 23:00:00,24.257,,
778,06/21/2023 23:10:00,24.236,,
779,06/21/2023 23:20:00,24.204,,
780,06/21/2023 23:30:00,24.172,,
781,06/21/2023 23:40:00,24.139,,
782,06/21/2023 23:50:00,24.107,,
783,06/22/2023 00:00:00,24.247,,
784,06/22/2023 00:10:00,24.322,,
785,06/22/2023 00:20:00,24.332,,
786,06/22/2023 00:30:00,24.311,,
787,06/22/2023 00:40:00,24.279,,
788,06/22/2023 00:50:00,24.257,,
789,06/22/2023 01:00:00,24.214,,
790,06/22/2023 01:10:00,24.161,,
791,06/22/2023 01:20:00,24.129,,
792,06/22/2023 01:30:00,24.150,,
793,06/22/2023 01:40:00,24.300,,
794,06/22/2023 01:50:00,24.311,,
795,06/22/2023 02:00:00,24.300,,
796,06/22/2023 02:10:00,24.279,,
797,06/22/2023 02:20:00,24.236,,
798,06/22/2023 02:30:00,24.193,,
799,06/22/2023 02:40:00,24.161,,
800,06/22/2023 02:50:00,24.118,,
801,06/22/2023 03:00:00,24.086,,
802,06/22/2023 03:10:00,24.247,,
803,06/22/2023 03:20:00,24.311,,
804,06/22/2023 03:30:00,24.311,,
805,06/22/2023 03:40:00,24.290,,
806,06/22/2023 03:50:00,24.268,,
807,06/22/2023 04:00:00,24.236,,
808,06/22/2023 04:10:00,24.193,,
809,06/22/2023 04:20:00,24.161,,
810,06/22/2023 04:30:00,24.129,,
811,06/22/2023 04:40:00,24.086,,
812,06/22/2023 04:50:00,24.257,,
813,06/22/2023 05:00:00,24.311,,
814,06/22/2023 05:10:00,24.311,,
815,06/22/2023 05:20:00,24.300,,
816,06/22/2023 05:30:00,24.257,,
817,06/22/2023 05:40:00,24.225,,
818,06/22/2023 05:50:00,24.182,,
819,06/22/2023 06:00:00,24.150,,
820,06/22/2023 06:10:00,24.118,,
821,06/22/2023 06:20:00,24.193,,
822,06/22/2023 06:30:00,24.322,,
823,06/22/2023 06:40:00,24.332,,
824,06/22/2023 06:50:00,24.322,,
825,06/22/2023 07:00:00,24.300,,
826,06/22/2023 07:10:00,24.268,,
827,06/22/2023 07:20:00,24.236,,
828,06/22/2023 07:30:00,24.193,,
829,06/22/2023 07:40:00,24.172,,
830,06/22/2023 07:50:00,24.129,,
831,06/22/2023 08:00:00,24.139,,
832,06/22/2023 08:10:00,24.311,,
833,06/22/2023 08:20:00,24.343,,
834,06/22/2023 08:30:00,24.343,,
835,06/22/2023 08:40:00,24.311,,
836,06/22/2023 08:50:00,24.290,,
837,06/22/2023 09:00:00,24.257,,
838,06/22/2023 09:10:00,24.225,,
839,06/22/2023 09:20:00,24.193,,
840,06/22/2023 09:30:00,24.172,,
841,06/22/2023 09:40:00,24.150,,
842,06/22/2023 09:50:00,24.322,,
843,06/22/2023 10:00:00,24.365,,
844,06/22/2023 10:10:00,24.375,,
845,06/22/2023 10:20:00,24.365,,
846,06/22/2023 10:30:00,24.311,,
847,06/22/2023 10:40:00,24.225,,
848,06/22/2023 10:50:00,24.172,,
849,06/22/2023 11:00:00,24.139,,
850,06/22/2023 11:10:00,24.107,,
851,06/22/2023 11:20:00,24.075,,
852,06/22/2023 11:30:00,24.054,,
853,06/22/2023 11:40:00,24.043,,
854,06/22/2023 11:50:00,24.021,,
855,06/22/2023 12:00:00,24.011,,
856,06/22/2023 12:10:00,24.075,,
857,06/22/2023 12:20:00,24.150,,
858,06/22/2023 12:30:00,24.182,,
859,06/22/2023 12:40:00,24.214,,
860,06/22/2023 12:50:00,24.236,,
861,06/22/2023 13:00:00,24.257,,
862,06/22/2023 13:10:00,24.268,,
863,06/22/2023 13:20:00,24.279,,
864,06/22/2023 13:30:00,24.268,,
865,06/22/2023 13:40:00,24.257,,
866,06/22/2023 13:50:00,24.236,,
867,06/22/2023 14:00:00,24.236,,
868,06/22/2023 14:10:00,24.225,,
869,06/22/2023 14:20:00,24.247,,
870,06/22/2023 14:30:00,24.257,,
871,06/22/2023 14:40:00,24.257,,
872,06/22/2023 14:50:00,24.257,,
873,06/22/2023 15:00:00,24.257,,
874,06/22/2023 15:10:00,24.257,,
875,06/22/2023 15:20:00,24.236,,
876,06/22/2023 15:30:00,24.236,,
877,06/22/2023 15:40:00,24.247,,
878,06/22/2023 15:50:00,24.236,,
879,06/22/2023 16:00:00,24.236,,
880,06/22/2023 16:10:00,24.236,,
881,06/22/2023 16:20:00,24.225,,
882,06/22/2023 16:30:00,24.225,,
883,06/22/2023 16:40:00,24.214,,
884,06/22/2023 16:50:00,24.214,,
885,06/22/2023 17:00:00,24.214,,
886,06/22/2023 17:10:00,24.214,,
887,06/22/2023 17:20:00,24.214,,
888,06/22/2023 17:30:00,24.214,,
889,06/22/2023 17:40:00,24.214,,
890,06/22/2023 17:50:00,24.214,,
891,06/22/2023 18:00:00,24.214,,
892,06/22/2023 18:10:00,24.225,,
893,06/22/2023 18:20:00,24.214,,
894,06/22/2023 18:30:00,24.225,,
895,06/22/2023 18:40:00,24.225,,
896,06/22/2023 18:50:00,24.225,,
897,06/22/2023 19:00:00,24.225,,
898,06/22/2023 19:10:00,24.225,,
899,06/22/2023 19:20:00,24.214,,
900,06/22/2023 19:30:00,24.193,,
901,06/22/2023 19:40:00,24.172,,
902,06/22/2023 19:50:00,24.161,,
903,06/22/2023 20:00:00,24.139,,
904,06/22/2023 20:10:00,24.118,,
905,06/22/2023 20:20:00,24.086,,
906,06/22/2023 20:30:00,24.075,,
907,06/22/2023 20:40:00,24.054,,
908,06/22/2023 20:50:00,24.032,,
909,06/22/2023 21:00:00,24.193,,
910,06/22/2023 21:10:00,24.225,,
911,06/22/2023 21:20:00,24.225,,
912,06/22/2023 21:30:00,24.214,,
913,06/22/2023 21:40:00,24.193,,
914,06/22/2023 21:50:00,24.172,,
915,06/22/2023 22:00:00,24.150,,
916,06/22/2023 22:10:00,24.129,,
917,06/22/2023 22:20:00,24.086,,
918,06/22/2023 22:30:00,24.075,,
919,06/22/2023 22:40:00,24.032,,
920,06/22/2023 22:50:00,24.161,,
921,06/22/2023 23:00:00,24.193,,
922,06/22/2023 23:10:00,24.172,,
923,06/22/2023 23:20:00,24.150,,
924,06/22/2023 23:30:00,24.118,,
925,06/22/2023 23:40:00,24.086,,
926,06/22/2023 23:50:00,24.054,,
927,06/23/2023 00:00:00,24.021,,
928,06/23/2023 00:10:00,23.979,,
929,06/23/2023 00:20:00,24.161,,
930,06/23/2023 00:30:00,24.150,,
931,06/23/2023 00:40:00,24.118,,
932,06/23/2023 00:50:00,24.086,,
933,06/23/2023 01:00:00,24.054,,
934,06/23/2023 01:10:00,24.021,,
935,06/23/2023 01:20:00,23.979,,
936,06/23/2023 01:30:00,23.946,,
937,06/23/2023 01:40:00,24.021,,
938,06/23/2023 01:50:00,24.107,,
939,06/23/2023 02:00:00,24.086,,
940,06/23/2023 02:10:00,24.064,,
941,06/23/2023 02:20:00,24.032,,
942,06/23/2023 02:30:00,24.000,,
943,06/23/2023 02:40:00,23.979,,
944,06/23/2023 02:50:00,23.946,,
945,06/23/2023 03:00:00,23.903,,
946,06/23/2023 03:10:00,23.882,,
947,06/23/2023 03:20:00,23.946,,
948,06/23/2023 03:30:00,24.054,,
949,06/23/2023 03:40:00,24.032,,
950,06/23/2023 03:50:00,24.021,,
951,06/23/2023 04:00:00,24.000,,
952,06/23/2023 04:10:00,23.968,,
953,06/23/2023 04:20:00,23.936,,
954,06/23/2023 04:30:00,23.903,,
955,06/23/2023 04:40:00,23.882,,
956,06/23/2023 04:50:00,23.850,,
957,06/23/2023 05:00:00,23.839,,
958,06/23/2023 05:10:00,24.021,,
959,06/23/2023 05:20:00,24.000,,
960,06/23/2023 05:30:00,23.979,,
961,06/23/2023 05:40:00,23.957,,
962,06/23/2023 05:50:00,23.925,,
963,06/23/2023 06:00:00,23.903,,
964,06/23/2023 06:10:00,23.871,,
965,06/23/2023 06:20:00,23.839,,
966,06/23/2023 06:30:00,23.796,,
967,06/23/2023 06:40:00,23.989,,
968,06/23/2023 06:50:00,23.989,,
969,06/23/2023 07:00:00,23.968,,
970,06/23/2023 07:10:00,23.957,,
971,06/23/2023 07:20:00,23.914,,
972,06/23/2023 07:30:00,23.882,,
973,06/23/2023 07:40:00,23.850,,
974,06/23/2023 07:50:00,23.818,,
975,06/23/2023 08:00:00,24.032,,
976,06/23/2023 08:10:00,24.021,,
977,06/23/2023 08:20:00,24.021,,
978,06/23/2023 08:30:00,24.021,,
979,06/23/2023 08:40:00,24.021,,
980,06/23/2023 08:50:00,24.032,,
981,06/23/2023 09:00:00,24.054,,
982,06/23/2023 09:10:00,24.043,,
983,06/23/2023 09:20:00,24.043,,
984,06/23/2023 09:30:00,24.043,,
985,06/23/2023 09:40:00,24.021,,
986,06/23/2023 09:50:00,24.021,,
987,06/23/2023 10:00:00,24.021,,
988,06/23/2023 10:10:00,24.021,,
989,06/23/2023 10:20:00,24.043,,
990,06/23/2023 10:30:00,24.021,,
991,06/23/2023 10:40:00,24.000,,
992,06/23/2023 10:50:00,23.989,,
993,06/23/2023 11:00:00,23.979,,
994,06/23/2023 11:10:00,23.989,,
995,06/23/2023 11:20:00,24.000,,
996,06/23/2023 11:30:00,24.000,,
997,06/23/2023 11:40:00,24.043,,
998,06/23/2023 11:50:00,24.054,,
999,06/23/2023 12:00:00,24.043,,
1000,06/23/2023 12:10:00,24.043,,
1001,06/23/2023 12:20:00,24.043,,
1002,06/23/2023 12:30:00,24.054,,
1003,06/23/2023 12:40:00,24.257,,
1004,06/23/2023 12:50:00,24.279,,
1005,06/23/2023 13:00:00,24.257,,
1006,06/23/2023 13:10:00,24.247,,
1007,06/23/2023 13:20:00,24.257,,
1008,06/23/2023 13:30:00,24.225,,
1009,06/23/2023 13:40:00,24.225,,
1010,06/23/2023 13:50:00,24.225,,
1011,06/23/2023 14:00:00,24.214,,
1012,06/23/2023 14:10:00,24.204,,
1013,06/23/2023 14:20:00,24.214,,
1014,06/23/2023 14:30:00,24.225,,
1015,06/23/2023 14:40:00,24.225,,
1016,06/23/2023 14:50:00,24.225,,
1017,06/23/2023 15:00:00,24.236,,
1018,06/23/2023 15:10:00,24.247,,
1019,06/23/2023 15:20:00,24.247,,
1020,06/23/2023 15:30:00,24.257,,
1021,06/23/2023 15:40:00,24.257,,
1022,06/23/2023 15:50:00,24.247,,
1023,06/23/2023 16:00:00,24.257,,
1024,06/23/2023 16:10:00,24.257,,
1025,06/23/2023 16:20:00,24.268,,
1026,06/23/2023 16:30:00,24.279,,
1027,06/23/2023 16:40:00,24.290,,
1028,06/23/2023 16:50:00,24.311,,
1029,06/23/2023 17:00:00,24.290,,
1030,06/23/2023 17:10:00,24.279,,
1031,06/23/2023 17:20:00,24.257,,
1032,06/23/2023 17:30:00,24.247,,
1033,06/23/2023 17:40:00,24.257,,
1034,06/23/2023 17:50:00,24.257,,
1035,06/23/2023 18:00:00,24.257,,
1036,06/23/2023 18:10:00,24.257,,
1037,06/23/2023 18:20:00,24.408,,
1038,06/23/2023 18:30:00,24.450,,
1039,06/23/2023 18:40:00,24.472,,
1040,06/23/2023 18:50:00,24.483,,
1041,06/23/2023 19:00:00,24.483,,
1042,06/23/2023 19:10:00,24.450,,
1043,06/23/2023 19:20:00,24.440,,
1044,06/23/2023 19:30:00,24.429,,
1045,06/23/2023 19:40:00,24.418,,
1046,06/23/2023 19:50:00,24.397,,
1047,06/23/2023 20:00:00,24.365,,
1048,06/23/2023 20:10:00,24.332,,
1049,06/23/2023 20:20:00,24.311,,
1050,06/23/2023 20:30:00,24.279,,
1051,06/23/2023 20:40:00,24.268,,
1052,06/23/2023 20:50:00,24.257,,
1053,06/23/2023 21:00:00,24.247,,
1054,06/23/2023 21:10:00,24.225,,
1055,06/23/2023 21:20:00,24.204,,
1056,06/23/2023 21:30:00,24.172,,
1057,06/23/2023 21:40:00,24.139,,
1058,06/23/2023 21:50:00,24.450,,
1059,06/23/2023 22:00:00,24.450,,
1060,06/23/2023 22:10:00,24.429,,
1061,06/23/2023 22:20:00,24.429,,
1062,06/23/2023 22:30:00,24.397,,
1063,06/23/2023 22:40:00,24.558,,
1064,06/23/2023 22:50:00,24.579,,
1065,06/23/2023 23:00:00,24.601,,
1066,06/23/2023 23:10:00,24.601,,
1067,06/23/2023 23:20:00,24.601,,
1068,06/23/2023 23:30:00,24.601,,
1069,06/23/2023 23:40:00,24.686,,
1070,06/23/2023 23:50:00,24.686,,
1071,06/24/2023 00:00:00,24.676,,
1072,06/24/2023 00:10:00,24.654,,
1073,06/24/2023 00:20:00,24.676,,
1074,06/24/2023 00:30:00,24.686,,
1075,06/24/2023 00:40:00,24.676,,
1076,06/24/2023 00:50:00,24.654,,
1077,06/24/2023 01:00:00,24.622,,
1078,06/24/2023 01:10:00,24.676,,
1079,06/24/2023 01:20:00,24.654,,
1080,06/24/2023 01:30:00,24.622,,
1081,06/24/2023 01:40:00,24.611,,
1082,06/24/2023 01:50:00,24.654,,
1083,06/24/2023 02:00:00,24.633,,
1084,06/24/2023 02:10:00,24.601,,
1085,06/24/2023 02:20:00,24.622,,
1086,06/24/2023 02:30:00,24.622,,
1087,06/24/2023 02:40:00,24.601,,
1088,06/24/2023 02:50:00,24.568,,
1089,06/24/2023 03:00:00,24.601,,
1090,06/24/2023 03:10:00,24.579,,
1091,06/24/2023 03:20:00,24.558,,
1092,06/24/2023 03:30:00,24.558,,
1093,06/24/2023 03:40:00,24.568,,
1094,06/24/2023 03:50:00,24.547,,
1095,06/24/2023 04:00:00,24.515,,
1096,06/24/2023 04:10:00,24.558,,
1097,06/24/2023 04:20:00,24.536,,
1098,06/24/2023 04:30:00,24.515,,
1099,06/24/2023 04:40:00,24.515,,
1100,06/24/2023 04:50:00,24.547,,
1101,06/24/2023 05:00:00,24.526,,
1102,06/24/2023 05:10:00,24.504,,
1103,06/24/2023 05:20:00,24.536,,
1104,06/24/2023 05:30:00,24.536,,
1105,06/24/2023 05:40:00,24.515,,
1106,06/24/2023 05:50:00,24.483,,
1107,06/24/2023 06:00:00,24.536,,
1108,06/24/2023 06:10:00,24.526,,
1109,06/24/2023 06:20:00,24.515,,
1110,06/24/2023 06:30:00,24.483,,
1111,06/24/2023 06:40:00,24.536,,
1112,06/24/2023 06:50:00,24.526,,
1113,06/24/2023 07:00:00,24.515,,
1114,06/24/2023 07:10:00,24.461,,
1115,06/24/2023 07:20:00,24.633,,
1116,06/24/2023 07:30:00,24.633,,
1117,06/24/2023 07:40:00,24.611,,
1118,06/24/2023 07:50:00,24.579,,
1119,06/24/2023 08:00:00,24.751,,
1120,06/24/2023 08:10:00,24.740,,
1121,06/24/2023 08:20:00,24.697,,
1122,06/24/2023 08:30:00,24.665,,
1123,06/24/2023 08:40:00,24.815,,
1124,06/24/2023 08:50:00,24.804,,
1125,06/24/2023 09:00:00,24.751,,
1126,06/24/2023 09:10:00,24.719,,
1127,06/24/2023 09:20:00,24.826,,
1128,06/24/2023 09:30:00,24.794,,
1129,06/24/2023 09:40:00,24.719,,
1130,06/24/2023 09:50:00,24.665,,
1131,06/24/2023 10:00:00,24.633,,
1132,06/24/2023 10:10:00,24.761,,
1133,06/24/2023 10:20:00,24.847,,
1134,06/24/2023 10:30:00,24.837,,
1135,06/24/2023 10:40:00,24.815,,
1136,06/24/2023 10:50:00,24.783,,
1137,06/24/2023 11:00:00,24.729,,
1138,06/24/2023 11:10:00,24.879,,
1139,06/24/2023 11:20:00,24.826,,
1140,06/24/2023 11:30:00,24.761,,
1141,06/24/2023 11:40:00,24.686,,
1142,06/24/2023 11:50:00,24.633,,
1143,06/24/2023 12:00:00,24.815,,
1144,06/24/2023 12:10:00,24.804,,
1145,06/24/2023 12:20:00,24.772,,
1146,06/24/2023 12:30:00,24.740,,
1147,06/24/2023 12:40:00,24.815,,
1148,06/24/2023 12:50:00,24.912,,
1149,06/24/2023 13:00:00,24.890,,
1150,06/24/2023 13:10:00,24.858,,
1151,06/24/2023 13:20:00,24.826,,
1152,06/24/2023 13:30:00,24.944,,
1153,06/24/2023 13:40:00,24.965,,
1154,06/24/2023 13:50:00,24.912,,
1155,06/24/2023 14:00:00,24.869,,
1156,06/24/2023 14:10:00,24.826,,
1157,06/24/2023 14:20:00,24.955,,
1158,06/24/2023 14:30:00,24.944,,
1159,06/24/2023 14:40:00,24.879,,
1160,06/24/2023 14:50:00,24.815,,
1161,06/24/2023 15:00:00,24.815,,
1162,06/24/2023 15:10:00,24.804,,
1163,06/24/2023 15:20:00,24.783,,
1164,06/24/2023 15:30:00,24.772,,
1165,06/24/2023 15:40:00,24.751,,
1166,06/24/2023 15:50:00,24.826,,
1167,06/24/2023 16:00:00,24.804,,
1168,06/24/2023 16:10:00,24.761,,
1169,06/24/2023 16:20:00,24.740,,
1170,06/24/2023 16:30:00,24.719,,
1171,06/24/2023 16:40:00,24.858,,
1172,06/24/2023 16:50:00,24.847,,
1173,06/24/2023 17:00:00,24.826,,
1174,06/24/2023 17:10:00,24.804,,
1175,06/24/2023 17:20:00,24.976,,
1176,06/24/2023 17:30:00,24.955,,
1177,06/24/2023 17:40:00,24.912,,
1178,06/24/2023 17:50:00,24.890,,
1179,06/24/2023 18:00:00,24.837,,
1180,06/24/2023 18:10:00,24.987,,
1181,06/24/2023 18:20:00,24.976,,
1182,06/24/2023 18:30:00,24.933,,
1183,06/24/2023 18:40:00,24.922,,
1184,06/24/2023 18:50:00,25.030,,
1185,06/24/2023 19:00:00,24.997,,
1186,06/24/2023 19:10:00,24.944,,
1187,06/24/2023 19:20:00,25.062,,
1188,06/24/2023 19:30:00,25.008,,
1189,06/24/2023 19:40:00,24.955,,
1190,06/24/2023 19:50:00,25.062,,
1191,06/24/2023 20:00:00,25.019,,
1192,06/24/2023 20:10:00,24.965,,
1193,06/24/2023 20:20:00,25.062,,
1194,06/24/2023 20:30:00,25.008,,
1195,06/24/2023 20:40:00,24.944,,
1196,06/24/2023 20:50:00,24.901,,
1197,06/24/2023 21:00:00,24.815,,
1198,06/24/2023 21:10:00,24.804,,
1199,06/24/2023 21:20:00,24.740,,
1200,06/24/2023 21:30:00,24.686,,
1201,06/24/2023 21:40:00,24.708,,
1202,06/24/2023 21:50:00,24.676,,
1203,06/24/2023 22:00:00,24.633,,
1204,06/24/2023 22:10:00,24.665,,
1205,06/24/2023 22:20:00,24.644,,
1206,06/24/2023 22:30:00,24.601,,
1207,06/24/2023 22:40:00,24.654,,
1208,06/24/2023 22:50:00,24.622,,
1209,06/24/2023 23:00:00,24.654,,
1210,06/24/2023 23:10:00,24.644,,
1211,06/24/2023 23:20:00,24.611,,
1212,06/24/2023 23:30:00,24.654,,
1213,06/24/2023 23:40:00,24.633,,
1214,06/24/2023 23:50:00,24.601,,
1215,06/25/2023 00:00:00,24.654,,
1216,06/25/2023 00:10:00,24.633,,
1217,06/25/2023 00:20:00,24.601,,
1218,06/25/2023 00:30:00,24.633,,
1219,06/25/2023 00:40:00,24.622,,
1220,06/25/2023 00:50:00,24.590,,
1221,06/25/2023 01:00:00,24.611,,
1222,06/25/2023 01:10:00,24.611,,
1223,06/25/2023 01:20:00,24.579,,
1224,06/25/2023 01:30:00,24.536,,
1225,06/25/2023 01:40:00,24.611,,
1226,06/25/2023 01:50:00,24.590,,
1227,06/25/2023 02:00:00,24.558,,
1228,06/25/2023 02:10:00,24.611,,
1229,06/25/2023 02:20:00,24.601,,
1230,06/25/2023 02:30:00,24.568,,
1231,06/25/2023 02:40:00,24.568,,
1232,06/25/2023 02:50:00,24.601,,
1233,06/25/2023 03:00:00,24.568,,
1234,06/25/2023 03:10:00,24.536,,
1235,06/25/2023 03:20:00,24.590,,
1236,06/25/2023 03:30:00,24.568,,
1237,06/25/2023 03:40:00,24.536,,
1238,06/25/2023 03:50:00,24.515,,
1239,06/25/2023 04:00:00,24.568,,
1240,06/25/2023 04:10:00,24.536,,
1241,06/25/2023 04:20:00,24.515,,
1242,06/25/2023 04:30:00,24.472,,
1243,06/25/2023 04:40:00,24.536,,
1244,06/25/2023 04:50:00,24.515,,
1245,06/25/2023 05:00:00,24.483,,
1246,06/25/2023 05:10:00,24.493,,
1247,06/25/2023 05:20:00,24.526,,
1248,06/25/2023 05:30:00,24.504,,
1249,06/25/2023 05:40:00,24.483,,
1250,06/25/2023 05:50:00,24.515,,
1251,06/25/2023 06:00:00,24.515,,
1252,06/25/2023 06:10:00,24.483,,
1253,06/25/2023 06:20:00,24.461,,
1254,06/25/2023 06:30:00,24.515,,
1255,06/25/2023 06:40:00,24.515,,
1256,06/25/2023 06:50:00,24.483,,
1257,06/25/2023 07:00:00,24.536,,
1258,06/25/2023 07:10:00,24.536,,
1259,06/25/2023 07:20:00,24.504,,
1260,06/25/2023 07:30:00,24.568,,
1261,06/25/2023 07:40:00,24.536,,
1262,06/25/2023 07:50:00,24.590,,
1263,06/25/2023 08:00:00,24.579,,
1264,06/25/2023 08:10:00,24.622,,
1265,06/25/2023 08:20:00,24.601,,
1266,06/25/2023 08:30:00,24.633,,
1267,06/25/2023 08:40:00,24.611,,
1268,06/25/2023 08:50:00,24.654,,
1269,06/25/2023 09:00:00,24.633,,
1270,06/25/2023 09:10:00,24.654,,
1271,06/25/2023 09:20:00,24.644,,
1272,06/25/2023 09:30:00,24.633,,
1273,06/25/2023 09:40:00,24.654,,
1274,06/25/2023 09:50:00,24.611,,
1275,06/25/2023 10:00:00,24.654,,
1276,06/25/2023 10:10:00,24.633,,
1277,06/25/2023 10:20:00,24.665,,
1278,06/25/2023 10:30:00,24.644,,
1279,06/25/2023 10:40:00,24.665,,
1280,06/25/2023 10:50:00,24.654,,
1281,06/25/2023 11:00:00,24.633,,
1282,06/25/2023 11:10:00,24.665,,
1283,06/25/2023 11:20:00,24.633,,
1284,06/25/2023 11:30:00,24.676,,
1285,06/25/2023 11:40:00,24.654,,
1286,06/25/2023 11:50:00,24.633,,
1287,06/25/2023 12:00:00,24.676,,
1288,06/25/2023 12:10:00,24.633,,
1289,06/25/2023 12:20:00,24.686,,
1290,06/25/2023 12:30:00,24.654,,
1291,06/25/2023 12:40:00,24.633,,
1292,06/25/2023 12:50:00,24.665,,
1293,06/25/2023 13:00:00,24.633,,
1294,06/25/2023 13:10:00,24.665,,
1295,06/25/2023 13:20:00,24.644,,
1296,06/25/2023 13:30:00,24.601,,
1297,06/25/2023 13:40:00,24.633,,
1298,06/25/2023 13:50:00,24.611,,
1299,06/25/2023 14:00:00,24.579,,
1300,06/25/2023 14:10:00,24.633,,
1301,06/25/2023 14:20:00,24.343,,
1302,06/25/2023 14:30:00,24.397,,
1303,06/25/2023 14:40:00,24.365,,
1304,06/25/2023 14:50:00,24.322,,
1305,06/25/2023 15:00:00,24.515,,
1306,06/25/2023 15:10:00,24.515,,
1307,06/25/2023 15:20:00,24.472,,
1308,06/25/2023 15:30:00,24.590,,
1309,06/25/2023 15:40:00,24.536,,
1310,06/25/2023 15:50:00,24.515,,
1311,06/25/2023 16:00:00,24.794,,
1312,06/25/2023 16:10:00,24.783,,
1313,06/25/2023 16:20:00,24.804,,
1314,06/25/2023 16:30:00,24.965,,
1315,06/25/2023 16:40:00,24.912,,
1316,06/25/2023 16:50:00,24.997,,
1317,06/25/2023 17:00:00,25.051,,
1318,06/25/2023 17:10:00,24.933,,
1319,06/25/2023 17:20:00,24.890,,
1320,06/25/2023 17:30:00,24.740,,
1321,06/25/2023 17:40:00,24.719,,
1322,06/25/2023 17:50:00,24.837,,
1323,06/25/2023 18:00:00,24.794,,
1324,06/25/2023 18:10:00,24.922,,
1325,06/25/2023 18:20:00,24.890,,
1326,06/25/2023 18:30:00,24.826,,
1327,06/25/2023 18:40:00,24.944,,
1328,06/25/2023 18:50:00,24.933,,
1329,06/25/2023 19:00:00,24.879,,
1330,06/25/2023 19:10:00,24.901,,
1331,06/25/2023 19:20:00,24.944,,
1332,06/25/2023 19:30:00,24.890,,
1333,06/25/2023 19:40:00,24.826,,
1334,06/25/2023 19:50:00,24.944,,
1335,06/25/2023 20:00:00,24.890,,
1336,06/25/2023 20:10:00,24.826,,
1337,06/25/2023 20:20:00,24.858,,
1338,06/25/2023 20:30:00,24.901,,
1339,06/25/2023 20:40:00,24.847,,
1340,06/25/2023 20:50:00,24.815,,
1341,06/25/2023 21:00:00,24.912,,
1342,06/25/2023 21:10:00,24.847,,
1343,06/25/2023 21:20:00,24.804,,
1344,06/25/2023 21:30:00,24.901,,
1345,06/25/2023 21:40:00,24.837,,
1346,06/25/2023 21:50:00,24.794,,
1347,06/25/2023 22:00:00,24.890,,
1348,06/25/2023 22:10:00,24.837,,
1349,06/25/2023 22:20:00,24.772,,
1350,06/25/2023 22:30:00,24.890,,
1351,06/25/2023 22:40:00,24.847,,
1352,06/25/2023 22:50:00,24.783,,
1353,06/25/2023 23:00:00,24.858,,
1354,06/25/2023 23:10:00,24.858,,
1355,06/25/2023 23:20:00,24.804,,
1356,06/25/2023 23:30:00,24.729,,
1357,06/25/2023 23:40:00,24.858,,
1358,06/25/2023 23:50:00,24.826,,
1359,06/26/2023 00:00:00,24.761,,
1360,06/26/2023 00:10:00,24.858,,
1361,06/26/2023 00:20:00,24.847,,
1362,06/26/2023 00:30:00,24.804,,
1363,06/26/2023 00:40:00,24.740,,
1364,06/26/2023 00:50:00,24.847,,
1365,06/26/2023 01:00:00,24.837,,
1366,06/26/2023 01:10:00,24.794,,
1367,06/26/2023 01:20:00,24.729,,
1368,06/26/2023 01:30:00,24.858,,
1369,06/26/2023 01:40:00,24.826,,
1370,06/26/2023 01:50:00,24.772,,
1371,06/26/2023 02:00:00,24.826,,
1372,06/26/2023 02:10:00,24.858,,
1373,06/26/2023 02:20:00,24.815,,
1374,06/26/2023 02:30:00,24.740,,
1375,06/26/2023 02:40:00,24.879,,
1376,06/26/2023 02:50:00,24.847,,
1377,06/26/2023 03:00:00,24.794,,
1378,06/26/2023 03:10:00,24.719,,
1379,06/26/2023 03:20:00,24.858,,
1380,06/26/2023 03:30:00,24.826,,
1381,06/26/2023 03:40:00,24.772,,
1382,06/26/2023 03:50:00,24.697,,
1383,06/26/2023 04:00:00,24.815,,
1384,06/26/2023 04:10:00,24.794,,
1385,06/26/2023 04:20:00,24.729,,
1386,06/26/2023 04:30:00,24.665,,
1387,06/26/2023 04:40:00,24.815,,
1388,06/26/2023 04:50:00,24.794,,
1389,06/26/2023 05:00:00,24.740,,
1390,06/26/2023 05:10:00,24.676,,
1391,06/26/2023 05:20:00,24.815,,
1392,06/26/2023 05:30:00,24.772,,
1393,06/26/2023 05:40:00,24.719,,
1394,06/26/2023 05:50:00,24.654,,
1395,06/26/2023 06:00:00,24.804,,
1396,06/26/2023 06:10:00,24.761,,
1397,06/26/2023 06:20:00,24.719,,
1398,06/26/2023 06:30:00,24.654,,
1399,06/26/2023 06:40:00,24.804,,
1400,06/26/2023 06:50:00,24.761,,
1401,06/26/2023 07:00:00,24.708,,
1402,06/26/2023 07:10:00,24.815,,
1403,06/26/2023 07:20:00,24.815,,
1404,06/26/2023 07:30:00,24.761,,
1405,06/26/2023 07:40:00,24.858,,
1406,06/26/2023 07:50:00,24.847,,
1407,06/26/2023 08:00:00,24.794,,
1408,06/26/2023 08:10:00,24.890,,
1409,06/26/2023 08:20:00,24.804,,
1410,06/26/2023 08:30:00,24.729,,
1411,06/26/2023 08:40:00,24.761,,
1412,06/26/2023 08:50:00,24.665,,
1413,06/26/2023 09:00:00,24.590,,
1414,06/26/2023 09:10:00,24.644,,
1415,06/26/2023 09:20:00,24.601,,
1416,06/26/2023 09:30:00,24.568,,
1417,06/26/2023 09:40:00,24.547,,
1418,06/26/2023 09:50:00,24.665,,
1419,06/26/2023 10:00:00,24.665,,
1420,06/26/2023 10:10:00,24.644,,
1421,06/26/2023 10:20:00,24.622,,
1422,06/26/2023 10:30:00,24.719,,
1423,06/26/2023 10:40:00,24.719,,
1424,06/26/2023 10:50:00,24.676,,
1425,06/26/2023 11:00:00,24.622,,
1426,06/26/2023 11:10:00,24.558,,
1427,06/26/2023 11:20:00,24.665,,
1428,06/26/2023 11:30:00,24.611,,
1429,06/26/2023 11:40:00,24.568,,
1430,06/26/2023 11:50:00,24.536,,
1431,06/26/2023 12:00:00,24.611,,
1432,06/26/2023 12:10:00,24.633,,
1433,06/26/2023 12:20:00,24.590,,
1434,06/26/2023 12:30:00,24.536,,
1435,06/26/2023 12:40:00,24.526,,
1436,06/26/2023 12:50:00,24.601,,
1437,06/26/2023 13:00:00,24.568,,
1438,06/26/2023 13:10:00,24.526,,
1439,06/26/2023 13:20:00,24.483,,
1440,06/26/2023 13:30:00,24.515,,
1441,06/26/2023 13:40:00,24.558,,
1442,06/26/2023 13:50:00,24.536,,
1443,06/26/2023 14:00:00,24.515,,
1444,06/26/2023 14:10:00,24.504,,
1445,06/26/2023 14:20:00,24.515,,
1446,06/26/2023 14:30:00,24.601,,
1447,06/26/2023 14:40:00,24.601,,
1448,06/26/2023 14:50:00,24.579,,
1449,06/26/2023 15:00:00,24.568,,
1450,06/26/2023 15:10:00,24.504,,
1451,06/26/2023 15:20:00,24.579,,
1452,06/26/2023 15:30:00,24.579,,
1453,06/26/2023 15:40:00,24.536,,
1454,06/26/2023 15:50:00,24.515,,
1455,06/26/2023 16:00:00,24.633,,
1456,06/26/2023 16:10:00,24.633,,
1457,06/26/2023 16:20:00,24.622,,
1458,06/26/2023 16:30:00,24.644,,
1459,06/26/2023 16:40:00,24.719,,
1460,06/26/2023 16:50:00,24.697,,
1461,06/26/2023 17:00:00,24.654,,
1462,06/26/2023 17:10:00,24.665,,
1463,06/26/2023 17:20:00,24.686,,
1464,06/26/2023 17:30:00,24.611,,
1465,06/26/2023 17:40:00,24.536,,
1466,06/26/2023 17:50:00,24.536,,
1467,06/26/2023 18:00:00,24.515,,
1468,06/26/2023 18:10:00,24.547,,
1469,06/26/2023 18:20:00,24.601,,
1470,06/26/2023 18:30:00,24.579,,
1471,06/26/2023 18:40:00,24.772,,
1472,06/26/2023 18:50:00,24.761,,
1473,06/26/2023 19:00:00,24.697,,
1474,06/26/2023 19:10:00,24.837,,
1475,06/26/2023 19:20:00,24.804,,
1476,06/26/2023 19:30:00,24.729,,
1477,06/26/2023 19:40:00,24.654,,
1478,06/26/2023 19:50:00,24.847,,
1479,06/26/2023 20:00:00,24.804,,
1480,06/26/2023 20:10:00,24.719,,
1481,06/26/2023 20:20:00,24.869,,
1482,06/26/2023 20:30:00,24.826,,
1483,06/26/2023 20:40:00,24.751,,
1484,06/26/2023 20:50:00,24.879,,
1485,06/26/2023 21:00:00,24.847,,
1486,06/26/2023 21:10:00,24.751,,
1487,06/26/2023 21:20:00,24.804,,
1488,06/26/2023 21:30:00,24.761,,
1489,06/26/2023 21:40:00,24.665,,
1490,06/26/2023 21:50:00,24.772,,
1491,06/26/2023 22:00:00,24.708,,
1492,06/26/2023 22:10:00,24.644,,
1493,06/26/2023 22:20:00,24.740,,
1494,06/26/2023 22:30:00,24.676,,
1495,06/26/2023 22:40:00,24.686,,
1496,06/26/2023 22:50:00,24.719,,
1497,06/26/2023 23:00:00,24.644,,
1498,06/26/2023 23:10:00,24.740,,
1499,06/26/2023 23:20:00,24.686,,
1500,06/26/2023 23:30:00,24.622,,
1501,06/26/2023 23:40:00,24.740,,
1502,06/26/2023 23:50:00,24.654,,
1503,06/27/2023 00:00:00,24.740,,
1504,06/27/2023 00:10:00,24.708,,
1505,06/27/2023 00:20:00,24.633,,
1506,06/27/2023 00:30:00,24.740,,
1507,06/27/2023 00:40:00,24.686,,
1508,06/27/2023 00:50:00,24.622,,
1509,06/27/2023 01:00:00,24.740,,
1510,06/27/2023 01:10:00,24.676,,
1511,06/27/2023 01:20:00,24.601,,
1512,06/27/2023 01:30:00,24.729,,
1513,06/27/2023 01:40:00,24.665,,
1514,06/27/2023 01:50:00,24.601,,
1515,06/27/2023 02:00:00,24.729,,
1516,06/27/2023 02:10:00,24.665,,
1517,06/27/2023 02:20:00,24.611,,
1518,06/27/2023 02:30:00,24.729,,
1519,06/27/2023 02:40:00,24.654,,
1520,06/27/2023 02:50:00,24.568,,
1521,06/27/2023 03:00:00,24.686,,
1522,06/27/2023 03:10:00,24.644,,
1523,06/27/2023 03:20:00,24.579,,
1524,06/27/2023 03:30:00,24.708,,
1525,06/27/2023 03:40:00,24.665,,
1526,06/27/2023 03:50:00,24.590,,
1527,06/27/2023 04:00:00,24.686,,
1528,06/27/2023 04:10:00,24.676,,
1529,06/27/2023 04:20:00,24.622,,
1530,06/27/2023 04:30:00,24.719,,
1531,06/27/2023 04:40:00,24.686,,
1532,06/27/2023 04:50:00,24.611,,
1533,06/27/2023 05:00:00,24.708,,
1534,06/27/2023 05:10:00,24.697,,
1535,06/27/2023 05:20:00,24.633,,
1536,06/27/2023 05:30:00,24.590,,
1537,06/27/2023 05:40:00,24.719,,
1538,06/27/2023 05:50:00,24.654,,
1539,06/27/2023 06:00:00,24.601,,
1540,06/27/2023 06:10:00,24.740,,
1541,06/27/2023 06:20:00,24.676,,
1542,06/27/2023 06:30:00,24.611,,
1543,06/27/2023 06:40:00,24.708,,
1544,06/27/2023 06:50:00,24.665,,
1545,06/27/2023 07:00:00,24.590,,
1546,06/27/2023 07:10:00,24.697,,
1547,06/27/2023 07:20:00,24.686,,
1548,06/27/2023 07:30:00,24.601,,
1549,06/27/2023 07:40:00,24.719,,
1550,06/27/2023 07:50:00,24.665,,
1551,06/27/2023 08:00:00,24.740,,
1552,06/27/2023 08:10:00,24.697,,
1553,06/27/2023 08:20:00,24.719,,
1554,06/27/2023 08:30:00,24.686,,
1555,06/27/2023 08:40:00,24.676,,
1556,06/27/2023 08:50:00,24.697,,
1557,06/27/2023 09:00:00,24.654,,
1558,06/27/2023 09:10:00,24.729,,
1559,06/27/2023 09:20:00,24.697,,
1560,06/27/2023 09:30:00,24.751,,
1561,06/27/2023 09:40:00,24.740,,
1562,06/27/2023 09:50:00,24.708,,
1563,06/27/2023 10:00:00,24.783,,
1564,06/27/2023 10:10:00,24.751,,
1565,06/27/2023 10:20:00,24.719,,
1566,06/27/2023 10:30:00,24.740,,
1567,06/27/2023 10:40:00,24.719,,
1568,06/27/2023 10:50:00,24.686,,
1569,06/27/2023 11:00:00,24.740,,
1570,06/27/2023 11:10:00,24.740,,
1571,06/27/2023 11:20:00,24.719,,
1572,06/27/2023 11:30:00,24.740,,
1573,06/27/2023 11:40:00,24.783,,
1574,06/27/2023 11:50:00,24.761,,
1575,06/27/2023 12:00:00,24.729,,
1576,06/27/2023 12:10:00,24.826,,
1577,06/27/2023 12:20:00,24.815,,
1578,06/27/2023 12:30:00,24.794,,
1579,06/27/2023 12:40:00,24.761,,
1580,06/27/2023 12:50:00,24.858,,
1581,06/27/2023 13:00:00,24.858,,
1582,06/27/2023 13:10:00,24.837,,
1583,06/27/2023 13:20:00,24.815,,
1584,06/27/2023 13:30:00,24.890,,
1585,06/27/2023 13:40:00,24.890,,
1586,06/27/2023 13:50:00,24.858,,
1587,06/27/2023 14:00:00,24.826,,
1588,06/27/2023 14:10:00,24.901,,
1589,06/27/2023 14:20:00,24.901,,
1590,06/27/2023 14:30:00,24.879,,
1591,06/27/2023 14:40:00,24.858,,
1592,06/27/2023 14:50:00,24.837,,
1593,06/27/2023 15:00:00,24.922,,
1594,06/27/2023 15:10:00,24.912,,
1595,06/27/2023 15:20:00,24.890,,
1596,06/27/2023 15:30:00,24.858,,
1597,06/27/2023 15:40:00,24.912,,
1598,06/27/2023 15:50:00,24.922,,
1599,06/27/2023 16:00:00,24.901,,
1600,06/27/2023 16:10:00,24.890,,
1601,06/27/2023 16:20:00,24.847,,
1602,06/27/2023 16:30:00,24.826,,
1603,06/27/2023 16:40:00,24.815,,
1604,06/27/2023 16:50:00,24.890,,
1605,06/27/2023 17:00:00,24.922,,
1606,06/27/2023 17:10:00,24.933,,
1607,06/27/2023 17:20:00,24.944,,
1608,06/27/2023 17:30:00,24.933,,
1609,06/27/2023 17:40:00,24.922,,
1610,06/27/2023 17:50:00,24.912,,
1611,06/27/2023 18:00:00,24.912,,
1612,06/27/2023 18:10:00,24.933,,
1613,06/27/2023 18:20:00,24.997,,
1614,06/27/2023 18:24:56,,Logged,Logged
