#,Date-Time (HST),Ch: 1 - Temperature   (Â°C),Host Connected,Water Detect,End of File
1,06/16/2023 14:26:41,,Logged,,
2,06/16/2023 14:30:00,24.054,,,
3,06/16/2023 14:40:00,24.247,,,
4,06/16/2023 14:50:00,26.606,,,
5,06/16/2023 15:00:00,27.614,,,
6,06/16/2023 15:10:00,27.968,,,
7,06/16/2023 15:20:00,28.183,,,
8,06/16/2023 15:30:00,28.279,,,
9,06/16/2023 15:40:00,28.311,,,
10,06/16/2023 15:50:00,28.730,,,
11,06/16/2023 16:00:00,29.255,,,
12,06/16/2023 16:10:00,29.491,,,
13,06/16/2023 16:20:00,29.566,,,
14,06/16/2023 16:29:39,,Logged,,
15,06/16/2023 16:30:00,29.523,,,
16,06/16/2023 16:40:00,29.598,,,
17,06/16/2023 16:50:00,29.577,,,
18,06/16/2023 17:00:00,29.287,,,
19,06/16/2023 17:10:00,29.341,,,
20,06/16/2023 17:20:00,29.363,,,
21,06/16/2023 17:30:00,29.180,,,
22,06/16/2023 17:40:00,29.309,,,
23,06/16/2023 17:50:00,28.140,,,
24,06/16/2023 18:00:00,25.630,,,
25,06/16/2023 18:10:00,24.526,,,
26,06/16/2023 18:20:00,23.893,,,
27,06/16/2023 18:30:00,23.517,,,
28,06/16/2023 18:40:00,23.271,,,
29,06/16/2023 18:50:00,23.142,,,
30,06/16/2023 19:00:00,23.067,,,
31,06/16/2023 19:10:00,22.970,,,
32,06/16/2023 19:20:00,22.842,,,
33,06/16/2023 19:30:00,22.724,,,
34,06/16/2023 19:40:00,22.606,,,
35,06/16/2023 19:50:00,22.477,,,
36,06/16/2023 20:00:00,22.413,,,
37,06/16/2023 20:10:00,22.788,,,
38,06/16/2023 20:20:00,25.341,,,
39,06/16/2023 20:30:00,26.499,,,
40,06/16/2023 20:40:00,27.185,,,
41,06/16/2023 20:50:00,27.700,,,
42,06/16/2023 21:00:00,27.936,,,
43,06/16/2023 21:10:00,28.311,,,
44,06/16/2023 21:20:00,28.311,,,
45,06/16/2023 21:30:00,29.191,,,
46,06/16/2023 21:40:00,29.674,,,
47,06/16/2023 21:50:00,29.706,,,
48,06/16/2023 22:00:00,29.716,,,
49,06/16/2023 22:10:00,29.663,,,
50,06/16/2023 22:20:00,29.631,,,
51,06/16/2023 22:30:00,29.556,,,
52,06/16/2023 22:40:00,29.502,,,
53,06/16/2023 22:50:00,30.210,,,
54,06/16/2023 23:00:00,30.178,,,
55,06/16/2023 23:10:00,29.985,,,
56,06/16/2023 23:20:00,29.716,,,
57,06/16/2023 23:30:00,29.631,,,
58,06/16/2023 23:40:00,29.556,,,
59,06/16/2023 23:50:00,29.448,,,
60,06/17/2023 00:00:00,29.287,,,
61,06/17/2023 00:10:00,29.266,,,
62,06/17/2023 00:20:00,29.266,,,
63,06/17/2023 00:30:00,29.234,,,
64,06/17/2023 00:40:00,29.255,,,
65,06/17/2023 00:50:00,29.309,,,
66,06/17/2023 01:00:00,29.320,,,
67,06/17/2023 01:10:00,29.309,,,
68,06/17/2023 01:20:00,29.287,,,
69,06/17/2023 01:30:00,29.255,,,
70,06/17/2023 01:40:00,29.234,,,
71,06/17/2023 01:50:00,29.191,,,
72,06/17/2023 02:00:00,29.148,,,
73,06/17/2023 02:10:00,29.159,,,
74,06/17/2023 02:20:00,29.202,,,
75,06/17/2023 02:30:00,29.266,,,
76,06/17/2023 02:40:00,29.277,,,
77,06/17/2023 02:50:00,29.255,,,
78,06/17/2023 03:00:00,29.234,,,
79,06/17/2023 03:10:00,29.169,,,
80,06/17/2023 03:20:00,29.202,,,
81,06/17/2023 03:30:00,28.751,,,
82,06/17/2023 03:40:00,30.081,,,
83,06/17/2023 03:50:00,30.092,,,
84,06/17/2023 04:00:00,29.920,,,
85,06/17/2023 04:10:00,29.781,,,
86,06/17/2023 04:20:00,29.684,,,
87,06/17/2023 04:30:00,29.588,,,
88,06/17/2023 04:40:00,29.534,,,
89,06/17/2023 04:50:00,29.459,,,
90,06/17/2023 05:00:00,29.395,,,
91,06/17/2023 05:10:00,29.341,,,
92,06/17/2023 05:20:00,29.287,,,
93,06/17/2023 05:30:00,29.266,,,
94,06/17/2023 05:40:00,29.266,,,
95,06/17/2023 05:50:00,29.352,,,
96,06/17/2023 06:00:00,29.384,,,
97,06/17/2023 06:10:00,29.395,,,
98,06/17/2023 06:20:00,29.373,,,
99,06/17/2023 06:30:00,29.320,,,
100,06/17/2023 06:40:00,29.266,,,
101,06/17/2023 06:50:00,29.287,,,
102,06/17/2023 07:00:00,29.373,,,
103,06/17/2023 07:10:00,29.405,,,
104,06/17/2023 07:20:00,29.373,,,
105,06/17/2023 07:30:00,29.330,,,
106,06/17/2023 07:40:00,29.287,,,
107,06/17/2023 07:50:00,29.245,,,
108,06/17/2023 08:00:00,29.234,,,
109,06/17/2023 08:10:00,29.062,,,
110,06/17/2023 08:20:00,29.062,,,
111,06/17/2023 08:30:00,29.427,,,
112,06/17/2023 08:40:00,29.759,,,
113,06/17/2023 08:50:00,29.373,,,
114,06/17/2023 09:00:00,29.191,,,
115,06/17/2023 09:10:00,29.169,,,
116,06/17/2023 09:20:00,29.159,,,
117,06/17/2023 09:30:00,29.148,,,
118,06/17/2023 09:40:00,29.127,,,
119,06/17/2023 09:50:00,29.116,,,
120,06/17/2023 10:00:00,29.127,,,
121,06/17/2023 10:10:00,29.127,,,
122,06/17/2023 10:20:00,29.169,,,
123,06/17/2023 10:30:00,29.234,,,
124,06/17/2023 10:40:00,29.266,,,
125,06/17/2023 10:50:00,29.287,,,
126,06/17/2023 11:00:00,29.287,,,
127,06/17/2023 11:10:00,29.266,,,
128,06/17/2023 11:20:00,29.255,,,
129,06/17/2023 11:30:00,28.912,,,
130,06/17/2023 11:40:00,28.687,,,
131,06/17/2023 11:50:00,28.526,,,
132,06/17/2023 12:00:00,28.397,,,
133,06/17/2023 12:10:00,28.333,,,
134,06/17/2023 12:20:00,28.279,,,
135,06/17/2023 12:30:00,28.236,,,
136,06/17/2023 12:40:00,28.226,,,
137,06/17/2023 12:50:00,28.204,,,
138,06/17/2023 13:00:00,28.194,,,
139,06/17/2023 13:10:00,28.194,,,
140,06/17/2023 13:20:00,28.194,,,
141,06/17/2023 13:30:00,28.194,,,
142,06/17/2023 13:40:00,28.194,,,
143,06/17/2023 13:50:00,28.097,,,
144,06/17/2023 14:00:00,28.140,,,
145,06/17/2023 14:10:00,28.236,,,
146,06/17/2023 14:20:00,28.344,,,
147,06/17/2023 14:30:00,28.429,,,
148,06/17/2023 14:40:00,28.494,,,
149,06/17/2023 14:50:00,28.537,,,
150,06/17/2023 15:00:00,28.580,,,
151,06/17/2023 15:10:00,28.612,,,
152,06/17/2023 15:20:00,28.623,,,
153,06/17/2023 15:30:00,28.633,,,
154,06/17/2023 15:40:00,28.644,,,
155,06/17/2023 15:50:00,28.655,,,
156,06/17/2023 16:00:00,28.687,,,
157,06/17/2023 16:10:00,28.623,,,
158,06/17/2023 16:20:00,28.537,,,
159,06/17/2023 16:30:00,28.558,,,
160,06/17/2023 16:40:00,28.569,,,
161,06/17/2023 16:50:00,28.601,,,
162,06/17/2023 17:00:00,28.440,,,
163,06/17/2023 17:10:00,27.947,,,
164,06/17/2023 17:20:00,27.679,,,
165,06/17/2023 17:30:00,27.464,,,
166,06/17/2023 17:40:00,26.874,,,
167,06/17/2023 17:50:00,26.703,,,
168,06/17/2023 18:00:00,27.132,,,
169,06/17/2023 18:10:00,27.518,,,
170,06/17/2023 18:20:00,27.797,,,
171,06/17/2023 18:30:00,28.043,,,
172,06/17/2023 18:40:00,28.226,,,
173,06/17/2023 18:50:00,28.344,,,
174,06/17/2023 19:00:00,28.419,,,
175,06/17/2023 19:10:00,28.462,,,
176,06/17/2023 19:20:00,28.483,,,
177,06/17/2023 19:30:00,28.547,,,
178,06/17/2023 19:40:00,28.612,,,
179,06/17/2023 19:50:00,28.644,,,
180,06/17/2023 20:00:00,28.655,,,
181,06/17/2023 20:10:00,28.794,,,
182,06/17/2023 20:20:00,28.858,,,
183,06/17/2023 20:30:00,28.858,,,
184,06/17/2023 20:40:00,28.848,,,
185,06/17/2023 20:50:00,28.837,,,
186,06/17/2023 21:00:00,28.816,,,
187,06/17/2023 21:10:00,28.816,,,
188,06/17/2023 21:20:00,28.816,,,
189,06/17/2023 21:30:00,28.858,,,
190,06/17/2023 21:40:00,28.891,,,
191,06/17/2023 21:50:00,28.934,,,
192,06/17/2023 22:00:00,28.934,,,
193,06/17/2023 22:10:00,28.912,,,
194,06/17/2023 22:20:00,28.901,,,
195,06/17/2023 22:30:00,28.891,,,
196,06/17/2023 22:40:00,28.880,,,
197,06/17/2023 22:50:00,28.858,,,
198,06/17/2023 23:00:00,28.848,,,
199,06/17/2023 23:10:00,28.848,,,
200,06/17/2023 23:20:00,28.805,,,
201,06/17/2023 23:30:00,28.730,,,
202,06/17/2023 23:40:00,28.590,,,
203,06/17/2023 23:50:00,27.861,,,
204,06/18/2023 00:00:00,28.301,,,
205,06/18/2023 00:10:00,28.912,,,
206,06/18/2023 00:20:00,28.998,,,
207,06/18/2023 00:30:00,28.998,,,
208,06/18/2023 00:40:00,29.009,,,
209,06/18/2023 00:50:00,29.009,,,
210,06/18/2023 01:00:00,29.062,,,
211,06/18/2023 01:10:00,29.073,,,
212,06/18/2023 01:20:00,29.116,,,
213,06/18/2023 01:30:00,29.169,,,
214,06/18/2023 01:40:00,28.934,,,
215,06/18/2023 01:50:00,28.944,,,
216,06/18/2023 02:00:00,29.030,,,
217,06/18/2023 02:10:00,29.094,,,
218,06/18/2023 02:20:00,29.137,,,
219,06/18/2023 02:30:00,28.901,,,
220,06/18/2023 02:40:00,28.901,,,
221,06/18/2023 02:50:00,28.944,,,
222,06/18/2023 03:00:00,28.880,,,
223,06/18/2023 03:10:00,28.880,,,
224,06/18/2023 03:20:00,28.858,,,
225,06/18/2023 03:30:00,28.826,,,
226,06/18/2023 03:40:00,28.751,,,
227,06/18/2023 03:50:00,28.708,,,
228,06/18/2023 04:00:00,28.655,,,
229,06/18/2023 04:10:00,28.687,,,
230,06/18/2023 04:20:00,28.698,,,
231,06/18/2023 04:30:00,28.537,,,
232,06/18/2023 04:40:00,28.858,,,
233,06/18/2023 04:50:00,29.009,,,
234,06/18/2023 05:00:00,29.094,,,
235,06/18/2023 05:10:00,29.148,,,
236,06/18/2023 05:20:00,29.169,,,
237,06/18/2023 05:30:00,29.180,,,
238,06/18/2023 05:40:00,29.169,,,
239,06/18/2023 05:50:00,29.169,,,
240,06/18/2023 06:00:00,29.073,,,
241,06/18/2023 06:10:00,29.041,,,
242,06/18/2023 06:20:00,28.944,,,
243,06/18/2023 06:30:00,28.891,,,
244,06/18/2023 06:40:00,28.901,,,
245,06/18/2023 06:50:00,28.987,,,
246,06/18/2023 07:00:00,29.009,,,
247,06/18/2023 07:10:00,29.105,,,
248,06/18/2023 07:20:00,29.320,,,
249,06/18/2023 07:30:00,29.309,,,
250,06/18/2023 07:40:00,29.287,,,
251,06/18/2023 07:50:00,29.341,,,
252,06/18/2023 08:00:00,29.202,,,
253,06/18/2023 08:10:00,29.148,,,
254,06/18/2023 08:20:00,29.116,,,
255,06/18/2023 08:30:00,29.094,,,
256,06/18/2023 08:40:00,29.073,,,
257,06/18/2023 08:50:00,29.052,,,
258,06/18/2023 09:00:00,29.052,,,
259,06/18/2023 09:10:00,29.052,,,
260,06/18/2023 09:20:00,29.009,,,
261,06/18/2023 09:30:00,28.998,,,
262,06/18/2023 09:40:00,29.009,,,
263,06/18/2023 09:50:00,28.998,,,
264,06/18/2023 10:00:00,28.976,,,
265,06/18/2023 10:10:00,28.923,,,
266,06/18/2023 10:20:00,28.837,,,
267,06/18/2023 10:30:00,28.623,,,
268,06/18/2023 10:33:18,,Logged,,
269,06/18/2023 10:40:00,28.397,,,
270,06/18/2023 10:50:00,28.172,,,
271,06/18/2023 11:00:00,28.097,,,
272,06/18/2023 11:10:00,28.065,,,
273,06/18/2023 11:20:00,28.043,,,
274,06/18/2023 11:30:00,28.022,,,
275,06/18/2023 11:40:00,27.990,,,
276,06/18/2023 11:50:00,27.904,,,
277,06/18/2023 12:00:00,27.904,,,
278,06/18/2023 12:10:00,27.915,,,
279,06/18/2023 12:20:00,27.936,,,
280,06/18/2023 12:30:00,27.936,,,
281,06/18/2023 12:40:00,27.936,,,
282,06/18/2023 12:50:00,27.915,,,
283,06/18/2023 13:00:00,27.882,,,
284,06/18/2023 13:10:00,27.850,,,
285,06/18/2023 13:20:00,27.872,,,
286,06/18/2023 13:30:00,27.882,,,
287,06/18/2023 13:40:00,27.904,,,
288,06/18/2023 13:50:00,27.925,,,
289,06/18/2023 14:00:00,27.925,,,
290,06/18/2023 14:10:00,27.904,,,
291,06/18/2023 14:20:00,27.818,,,
292,06/18/2023 14:30:00,27.797,,,
293,06/18/2023 14:40:00,27.786,,,
294,06/18/2023 14:50:00,27.797,,,
295,06/18/2023 15:00:00,27.861,,,
296,06/18/2023 15:10:00,27.904,,,
297,06/18/2023 15:20:00,27.840,,,
298,06/18/2023 15:30:00,27.786,,,
299,06/18/2023 15:40:00,27.850,,,
300,06/18/2023 15:50:00,27.893,,,
301,06/18/2023 16:00:00,27.925,,,
302,06/18/2023 16:10:00,27.904,,,
303,06/18/2023 16:20:00,27.861,,,
304,06/18/2023 16:30:00,27.840,,,
305,06/18/2023 16:40:00,27.829,,,
306,06/18/2023 16:50:00,27.850,,,
307,06/18/2023 17:00:00,27.882,,,
308,06/18/2023 17:10:00,27.915,,,
309,06/18/2023 17:20:00,27.925,,,
310,06/18/2023 17:30:00,27.893,,,
311,06/18/2023 17:40:00,27.872,,,
312,06/18/2023 17:50:00,27.893,,,
313,06/18/2023 18:00:00,27.904,,,
314,06/18/2023 18:10:00,27.807,,,
315,06/18/2023 18:20:00,27.722,,,
316,06/18/2023 18:30:00,27.668,,,
317,06/18/2023 18:40:00,27.507,,,
318,06/18/2023 18:50:00,27.389,,,
319,06/18/2023 19:00:00,27.336,,,
320,06/18/2023 19:10:00,27.303,,,
321,06/18/2023 19:20:00,27.357,,,
322,06/18/2023 19:30:00,27.550,,,
323,06/18/2023 19:40:00,27.647,,,
324,06/18/2023 19:50:00,27.679,,,
325,06/18/2023 20:00:00,27.657,,,
326,06/18/2023 20:10:00,27.668,,,
327,06/18/2023 20:20:00,27.765,,,
328,06/18/2023 20:30:00,27.765,,,
329,06/18/2023 20:40:00,27.732,,,
330,06/18/2023 20:50:00,27.925,,,
331,06/18/2023 21:00:00,28.301,,,
332,06/18/2023 21:10:00,28.397,,,
333,06/18/2023 21:20:00,28.429,,,
334,06/18/2023 21:30:00,28.569,,,
335,06/18/2023 21:40:00,28.569,,,
336,06/18/2023 21:50:00,28.505,,,
337,06/18/2023 22:00:00,28.429,,,
338,06/18/2023 22:10:00,28.419,,,
339,06/18/2023 22:20:00,28.462,,,
340,06/18/2023 22:30:00,28.472,,,
341,06/18/2023 22:40:00,28.397,,,
342,06/18/2023 22:50:00,28.344,,,
343,06/18/2023 23:00:00,28.290,,,
344,06/18/2023 23:10:00,28.108,,,
345,06/18/2023 23:20:00,27.979,,,
346,06/18/2023 23:30:00,27.925,,,
347,06/18/2023 23:40:00,27.829,,,
348,06/18/2023 23:50:00,27.818,,,
349,06/19/2023 00:00:00,27.818,,,
350,06/19/2023 00:10:00,27.765,,,
351,06/19/2023 00:20:00,27.711,,,
352,06/19/2023 00:30:00,27.775,,,
353,06/19/2023 00:40:00,27.754,,,
354,06/19/2023 00:50:00,27.722,,,
355,06/19/2023 01:00:00,27.700,,,
356,06/19/2023 01:10:00,27.765,,,
357,06/19/2023 01:20:00,27.722,,,
358,06/19/2023 01:30:00,27.679,,,
359,06/19/2023 01:40:00,27.754,,,
360,06/19/2023 01:50:00,27.732,,,
361,06/19/2023 02:00:00,27.679,,,
362,06/19/2023 02:10:00,27.732,,,
363,06/19/2023 02:20:00,27.732,,,
364,06/19/2023 02:30:00,27.700,,,
365,06/19/2023 02:40:00,27.732,,,
366,06/19/2023 02:50:00,27.711,,,
367,06/19/2023 03:00:00,27.647,,,
368,06/19/2023 03:10:00,27.732,,,
369,06/19/2023 03:20:00,27.679,,,
370,06/19/2023 03:30:00,27.679,,,
371,06/19/2023 03:40:00,27.732,,,
372,06/19/2023 03:50:00,27.689,,,
373,06/19/2023 04:00:00,27.711,,,
374,06/19/2023 04:10:00,27.711,,,
375,06/19/2023 04:20:00,27.604,,,
376,06/19/2023 04:30:00,27.647,,,
377,06/19/2023 04:40:00,27.636,,,
378,06/19/2023 04:50:00,27.593,,,
379,06/19/2023 05:00:00,27.561,,,
380,06/19/2023 05:10:00,27.647,,,
381,06/19/2023 05:20:00,27.647,,,
382,06/19/2023 05:30:00,27.614,,,
383,06/19/2023 05:40:00,27.604,,,
384,06/19/2023 05:50:00,27.657,,,
385,06/19/2023 06:00:00,27.647,,,
386,06/19/2023 06:10:00,27.604,,,
387,06/19/2023 06:20:00,27.625,,,
388,06/19/2023 06:30:00,27.668,,,
389,06/19/2023 06:40:00,27.647,,,
390,06/19/2023 06:50:00,27.582,,,
391,06/19/2023 07:00:00,27.647,,,
392,06/19/2023 07:10:00,27.668,,,
393,06/19/2023 07:20:00,27.636,,,
394,06/19/2023 07:30:00,27.614,,,
395,06/19/2023 07:40:00,27.593,,,
396,06/19/2023 07:50:00,27.582,,,
397,06/19/2023 08:00:00,27.561,,,
398,06/19/2023 08:10:00,27.561,,,
399,06/19/2023 08:20:00,27.550,,,
400,06/19/2023 08:30:00,27.550,,,
401,06/19/2023 08:40:00,27.550,,,
402,06/19/2023 08:50:00,27.539,,,
403,06/19/2023 09:00:00,27.550,,,
404,06/19/2023 09:10:00,27.529,,,
405,06/19/2023 09:20:00,27.496,,,
406,06/19/2023 09:30:00,27.486,,,
407,06/19/2023 09:40:00,27.496,,,
408,06/19/2023 09:50:00,27.496,,,
409,06/19/2023 10:00:00,27.507,,,
410,06/19/2023 10:10:00,27.507,,,
411,06/19/2023 10:20:00,27.518,,,
412,06/19/2023 10:30:00,27.550,,,
413,06/19/2023 10:40:00,27.593,,,
414,06/19/2023 10:50:00,27.614,,,
415,06/19/2023 11:00:00,27.539,,,
416,06/19/2023 11:10:00,27.507,,,
417,06/19/2023 11:20:00,27.561,,,
418,06/19/2023 11:30:00,27.614,,,
419,06/19/2023 11:40:00,27.636,,,
420,06/19/2023 11:50:00,27.668,,,
421,06/19/2023 12:00:00,27.679,,,
422,06/19/2023 12:10:00,27.700,,,
423,06/19/2023 12:20:00,27.700,,,
424,06/19/2023 12:30:00,27.711,,,
425,06/19/2023 12:40:00,27.711,,,
426,06/19/2023 12:50:00,27.711,,,
427,06/19/2023 13:00:00,27.711,,,
428,06/19/2023 13:10:00,27.711,,,
429,06/19/2023 13:20:00,27.711,,,
430,06/19/2023 13:30:00,27.711,,,
431,06/19/2023 13:40:00,27.636,,,
432,06/19/2023 13:50:00,27.647,,,
433,06/19/2023 14:00:00,27.657,,,
434,06/19/2023 14:10:00,27.657,,,
435,06/19/2023 14:20:00,27.668,,,
436,06/19/2023 14:30:00,27.668,,,
437,06/19/2023 14:40:00,27.657,,,
438,06/19/2023 14:50:00,27.657,,,
439,06/19/2023 15:00:00,27.657,,,
440,06/19/2023 15:10:00,27.668,,,
441,06/19/2023 15:20:00,27.668,,,
442,06/19/2023 15:30:00,27.668,,,
443,06/19/2023 15:40:00,27.657,,,
444,06/19/2023 15:50:00,27.647,,,
445,06/19/2023 16:00:00,27.647,,,
446,06/19/2023 16:10:00,27.647,,,
447,06/19/2023 16:20:00,27.636,,,
448,06/19/2023 16:30:00,27.625,,,
449,06/19/2023 16:40:00,27.614,,,
450,06/19/2023 16:50:00,27.625,,,
451,06/19/2023 17:00:00,27.679,,,
452,06/19/2023 17:10:00,27.679,,,
453,06/19/2023 17:20:00,27.700,,,
454,06/19/2023 17:30:00,27.711,,,
455,06/19/2023 17:40:00,27.700,,,
456,06/19/2023 17:50:00,27.711,,,
457,06/19/2023 18:00:00,27.700,,,
458,06/19/2023 18:10:00,27.647,,,
459,06/19/2023 18:20:00,27.636,,,
460,06/19/2023 18:30:00,27.647,,,
461,06/19/2023 18:40:00,27.636,,,
462,06/19/2023 18:50:00,27.679,,,
463,06/19/2023 19:00:00,27.700,,,
464,06/19/2023 19:10:00,27.722,,,
465,06/19/2023 19:20:00,27.732,,,
466,06/19/2023 19:30:00,27.743,,,
467,06/19/2023 19:40:00,27.754,,,
468,06/19/2023 19:50:00,27.765,,,
469,06/19/2023 20:00:00,27.765,,,
470,06/19/2023 20:10:00,27.743,,,
471,06/19/2023 20:20:00,27.765,,,
472,06/19/2023 20:30:00,27.786,,,
473,06/19/2023 20:40:00,27.797,,,
474,06/19/2023 20:50:00,27.818,,,
475,06/19/2023 21:00:00,27.850,,,
476,06/19/2023 21:10:00,27.850,,,
477,06/19/2023 21:20:00,27.850,,,
478,06/19/2023 21:30:00,27.818,,,
479,06/19/2023 21:40:00,27.807,,,
480,06/19/2023 21:50:00,27.807,,,
481,06/19/2023 22:00:00,27.850,,,
482,06/19/2023 22:10:00,27.861,,,
483,06/19/2023 22:20:00,27.850,,,
484,06/19/2023 22:30:00,27.765,,,
485,06/19/2023 22:40:00,27.797,,,
486,06/19/2023 22:50:00,27.711,,,
487,06/19/2023 23:00:00,27.636,,,
488,06/19/2023 23:10:00,27.679,,,
489,06/19/2023 23:20:00,27.711,,,
490,06/19/2023 23:30:00,27.711,,,
491,06/19/2023 23:40:00,27.700,,,
492,06/19/2023 23:50:00,27.765,,,
493,06/20/2023 00:00:00,27.765,,,
494,06/20/2023 00:10:00,27.732,,,
495,06/20/2023 00:20:00,27.797,,,
496,06/20/2023 00:30:00,27.765,,,
497,06/20/2023 00:40:00,27.765,,,
498,06/20/2023 00:50:00,27.797,,,
499,06/20/2023 01:00:00,27.775,,,
500,06/20/2023 01:10:00,27.797,,,
501,06/20/2023 01:20:00,27.797,,,
502,06/20/2023 01:30:00,27.765,,,
503,06/20/2023 01:40:00,27.797,,,
504,06/20/2023 01:50:00,27.765,,,
505,06/20/2023 02:00:00,27.797,,,
506,06/20/2023 02:10:00,27.765,,,
507,06/20/2023 02:20:00,27.797,,,
508,06/20/2023 02:30:00,27.765,,,
509,06/20/2023 02:40:00,27.807,,,
510,06/20/2023 02:50:00,27.765,,,
511,06/20/2023 03:00:00,27.818,,,
512,06/20/2023 03:10:00,27.786,,,
513,06/20/2023 03:20:00,27.818,,,
514,06/20/2023 03:30:00,27.786,,,
515,06/20/2023 03:40:00,27.818,,,
516,06/20/2023 03:50:00,27.786,,,
517,06/20/2023 04:00:00,27.797,,,
518,06/20/2023 04:10:00,27.818,,,
519,06/20/2023 04:20:00,27.775,,,
520,06/20/2023 04:30:00,27.818,,,
521,06/20/2023 04:40:00,27.797,,,
522,06/20/2023 04:50:00,27.797,,,
523,06/20/2023 05:00:00,27.818,,,
524,06/20/2023 05:10:00,27.818,,,
525,06/20/2023 05:20:00,27.797,,,
526,06/20/2023 05:30:00,27.797,,,
527,06/20/2023 05:40:00,27.818,,,
528,06/20/2023 05:50:00,27.818,,,
529,06/20/2023 06:00:00,27.818,,,
530,06/20/2023 06:10:00,27.797,,,
531,06/20/2023 06:20:00,27.807,,,
532,06/20/2023 06:30:00,27.818,,,
533,06/20/2023 06:40:00,27.818,,,
534,06/20/2023 06:50:00,27.818,,,
535,06/20/2023 07:00:00,27.797,,,
536,06/20/2023 07:10:00,27.818,,,
537,06/20/2023 07:20:00,27.797,,,
538,06/20/2023 07:30:00,27.797,,,
539,06/20/2023 07:40:00,27.786,,,
540,06/20/2023 07:50:00,27.765,,,
541,06/20/2023 08:00:00,27.711,,,
542,06/20/2023 08:10:00,27.754,,,
543,06/20/2023 08:20:00,27.732,,,
544,06/20/2023 08:30:00,27.711,,,
545,06/20/2023 08:40:00,27.754,,,
546,06/20/2023 08:50:00,27.743,,,
547,06/20/2023 09:00:00,27.711,,,
548,06/20/2023 09:10:00,27.732,,,
549,06/20/2023 09:20:00,27.765,,,
550,06/20/2023 09:30:00,27.732,,,
551,06/20/2023 09:40:00,27.722,,,
552,06/20/2023 09:50:00,27.700,,,
553,06/20/2023 10:00:00,27.679,,,
554,06/20/2023 10:10:00,27.700,,,
555,06/20/2023 10:20:00,27.711,,,
556,06/20/2023 10:30:00,27.732,,,
557,06/20/2023 10:40:00,27.732,,,
558,06/20/2023 10:50:00,27.732,,,
559,06/20/2023 11:00:00,27.711,,,
560,06/20/2023 11:10:00,27.689,,,
561,06/20/2023 11:20:00,27.711,,,
562,06/20/2023 11:30:00,27.743,,,
563,06/20/2023 11:40:00,27.732,,,
564,06/20/2023 11:50:00,27.732,,,
565,06/20/2023 12:00:00,27.711,,,
566,06/20/2023 12:10:00,27.711,,,
567,06/20/2023 12:20:00,27.765,,,
568,06/20/2023 12:30:00,27.754,,,
569,06/20/2023 12:40:00,27.722,,,
570,06/20/2023 12:50:00,27.732,,,
571,06/20/2023 13:00:00,27.679,,,
572,06/20/2023 13:10:00,27.679,,,
573,06/20/2023 13:20:00,27.657,,,
574,06/20/2023 13:30:00,27.668,,,
575,06/20/2023 13:40:00,27.700,,,
576,06/20/2023 13:50:00,27.711,,,
577,06/20/2023 14:00:00,27.765,,,
578,06/20/2023 14:10:00,27.786,,,
579,06/20/2023 14:20:00,27.797,,,
580,06/20/2023 14:25:22,,Logged,,
581,06/20/2023 14:30:00,27.679,,,
582,06/20/2023 14:40:00,27.571,,,
583,06/20/2023 14:50:00,27.614,,,
584,06/20/2023 15:00:00,27.647,,,
585,06/20/2023 15:10:00,27.668,,,
586,06/20/2023 15:20:00,27.668,,,
587,06/20/2023 15:30:00,27.679,,,
588,06/20/2023 15:40:00,27.679,,,
589,06/20/2023 15:50:00,27.679,,,
590,06/20/2023 16:00:00,27.679,,,
591,06/20/2023 16:10:00,27.689,,,
592,06/20/2023 16:20:00,27.700,,,
593,06/20/2023 16:30:00,27.711,,,
594,06/20/2023 16:40:00,27.722,,,
595,06/20/2023 16:50:00,27.743,,,
596,06/20/2023 17:00:00,27.754,,,
597,06/20/2023 17:10:00,27.754,,,
598,06/20/2023 17:20:00,27.765,,,
599,06/20/2023 17:30:00,27.775,,,
600,06/20/2023 17:40:00,27.786,,,
601,06/20/2023 17:50:00,27.797,,,
602,06/20/2023 18:00:00,27.797,,,
603,06/20/2023 18:10:00,27.797,,,
604,06/20/2023 18:20:00,27.765,,,
605,06/20/2023 18:30:00,27.722,,,
606,06/20/2023 18:40:00,27.711,,,
607,06/20/2023 18:50:00,27.732,,,
608,06/20/2023 19:00:00,27.765,,,
609,06/20/2023 19:10:00,27.765,,,
610,06/20/2023 19:20:00,27.711,,,
611,06/20/2023 19:30:00,27.689,,,
612,06/20/2023 19:40:00,27.743,,,
613,06/20/2023 19:50:00,27.765,,,
614,06/20/2023 20:00:00,27.689,,,
615,06/20/2023 20:10:00,27.689,,,
616,06/20/2023 20:20:00,27.732,,,
617,06/20/2023 20:30:00,27.765,,,
618,06/20/2023 20:40:00,27.765,,,
619,06/20/2023 20:50:00,27.689,,,
620,06/20/2023 21:00:00,27.700,,,
621,06/20/2023 21:10:00,27.722,,,
622,06/20/2023 21:20:00,27.679,,,
623,06/20/2023 21:30:00,27.679,,,
624,06/20/2023 21:40:00,27.647,,,
625,06/20/2023 21:50:00,27.647,,,
626,06/20/2023 22:00:00,27.625,,,
627,06/20/2023 22:10:00,27.582,,,
628,06/20/2023 22:20:00,27.593,,,
629,06/20/2023 22:30:00,27.582,,,
630,06/20/2023 22:40:00,27.475,,,
631,06/20/2023 22:50:00,27.389,,,
632,06/20/2023 23:00:00,27.336,,,
633,06/20/2023 23:10:00,27.400,,,
634,06/20/2023 23:20:00,27.443,,,
635,06/20/2023 23:30:00,27.496,,,
636,06/20/2023 23:40:00,27.529,,,
637,06/20/2023 23:50:00,27.539,,,
638,06/21/2023 00:00:00,27.561,,,
639,06/21/2023 00:10:00,25.384,,,
640,06/21/2023 00:20:00,27.421,,,
641,06/21/2023 00:30:00,28.344,,,
642,06/21/2023 00:40:00,28.708,,,
643,06/21/2023 00:50:00,28.858,,,
644,06/21/2023 01:00:00,28.934,,,
645,06/21/2023 01:10:00,28.955,,,
646,06/21/2023 01:20:00,28.966,,,
647,06/21/2023 01:30:00,28.944,,,
648,06/21/2023 01:40:00,28.944,,,
649,06/21/2023 01:50:00,28.966,,,
650,06/21/2023 02:00:00,28.976,,,
651,06/21/2023 02:10:00,28.976,,,
652,06/21/2023 02:20:00,28.976,,,
653,06/21/2023 02:30:00,28.966,,,
654,06/21/2023 02:40:00,28.998,,,
655,06/21/2023 02:50:00,28.998,,,
656,06/21/2023 03:00:00,28.998,,,
657,06/21/2023 03:10:00,28.966,,,
658,06/21/2023 03:20:00,28.966,,,
659,06/21/2023 03:30:00,28.976,,,
660,06/21/2023 03:40:00,28.976,,,
661,06/21/2023 03:50:00,28.987,,,
662,06/21/2023 04:00:00,28.987,,,
663,06/21/2023 04:10:00,28.976,,,
664,06/21/2023 04:20:00,28.976,,,
665,06/21/2023 04:30:00,28.987,,,
666,06/21/2023 04:40:00,28.987,,,
667,06/21/2023 04:50:00,28.998,,,
668,06/21/2023 05:00:00,28.987,,,
669,06/21/2023 05:10:00,28.987,,,
670,06/21/2023 05:20:00,28.976,,,
671,06/21/2023 05:30:00,28.998,,,
672,06/21/2023 05:40:00,28.998,,,
673,06/21/2023 05:50:00,28.987,,,
674,06/21/2023 06:00:00,28.987,,,
675,06/21/2023 06:10:00,28.998,,,
676,06/21/2023 06:20:00,28.976,,,
677,06/21/2023 06:30:00,28.987,,,
678,06/21/2023 06:40:00,28.987,,,
679,06/21/2023 06:50:00,28.998,,,
680,06/21/2023 07:00:00,28.998,,,
681,06/21/2023 07:10:00,29.019,,,
682,06/21/2023 07:20:00,29.030,,,
683,06/21/2023 07:30:00,29.052,,,
684,06/21/2023 07:40:00,29.084,,,
685,06/21/2023 07:50:00,29.116,,,
686,06/21/2023 08:00:00,29.180,,,
687,06/21/2023 08:10:00,29.234,,,
688,06/21/2023 08:20:00,29.298,,,
689,06/21/2023 08:30:00,29.320,,,
690,06/21/2023 08:40:00,29.363,,,
691,06/21/2023 08:50:00,29.395,,,
692,06/21/2023 09:00:00,29.405,,,
693,06/21/2023 09:10:00,29.405,,,
694,06/21/2023 09:20:00,29.427,,,
695,06/21/2023 09:30:00,29.448,,,
696,06/21/2023 09:40:00,29.459,,,
697,06/21/2023 09:50:00,29.459,,,
698,06/21/2023 10:00:00,29.384,,,
699,06/21/2023 10:10:00,29.405,,,
700,06/21/2023 10:12:26,,Logged,,
701,06/21/2023 10:20:00,29.405,,,
702,06/21/2023 10:30:00,29.373,,,
703,06/21/2023 10:40:00,29.287,,,
704,06/21/2023 10:50:00,29.234,,,
705,06/21/2023 11:00:00,29.169,,,
706,06/21/2023 11:10:00,29.116,,,
707,06/21/2023 11:20:00,29.084,,,
708,06/21/2023 11:30:00,29.041,,,
709,06/21/2023 11:40:00,29.030,,,
710,06/21/2023 11:50:00,29.009,,,
711,06/21/2023 12:00:00,29.009,,,
712,06/21/2023 12:10:00,29.019,,,
713,06/21/2023 12:20:00,29.030,,,
714,06/21/2023 12:30:00,29.245,,,
715,06/21/2023 12:40:00,30.971,,,
716,06/21/2023 12:50:00,31.744,,,
717,06/21/2023 13:00:00,32.097,,,
718,06/21/2023 13:10:00,32.269,,,
719,06/21/2023 13:20:00,32.366,,,
720,06/21/2023 13:30:00,32.419,,,
721,06/21/2023 13:40:00,32.194,,,
722,06/21/2023 13:50:00,32.001,,,
723,06/21/2023 14:00:00,32.055,,,
724,06/21/2023 14:10:00,32.162,,,
725,06/21/2023 14:20:00,32.237,,,
726,06/21/2023 14:30:00,32.312,,,
727,06/21/2023 14:40:00,32.387,,,
728,06/21/2023 14:50:00,32.494,,,
729,06/21/2023 15:00:00,32.537,,,
730,06/21/2023 15:10:00,32.602,,,
731,06/21/2023 15:20:00,32.655,,,
732,06/21/2023 15:30:00,32.655,,,
733,06/21/2023 15:40:00,32.612,,,
734,06/21/2023 15:50:00,32.580,,,
735,06/21/2023 16:00:00,32.537,,,
736,06/21/2023 16:10:00,32.494,,,
737,06/21/2023 16:20:00,32.505,,,
738,06/21/2023 16:30:00,32.537,,,
739,06/21/2023 16:40:00,32.559,,,
740,06/21/2023 16:50:00,32.591,,,
741,06/21/2023 17:00:00,32.623,,,
742,06/21/2023 17:10:00,32.655,,,
743,06/21/2023 17:20:00,32.655,,,
744,06/21/2023 17:30:00,32.644,,,
745,06/21/2023 17:40:00,32.602,,,
746,06/21/2023 17:50:00,32.569,,,
747,06/21/2023 18:00:00,32.602,,,
748,06/21/2023 18:10:00,32.709,,,
749,06/21/2023 18:20:00,32.773,,,
750,06/21/2023 18:30:00,32.795,,,
751,06/21/2023 18:40:00,32.805,,,
752,06/21/2023 18:50:00,32.795,,,
753,06/21/2023 19:00:00,32.795,,,
754,06/21/2023 19:10:00,32.773,,,
755,06/21/2023 19:20:00,32.762,,,
756,06/21/2023 19:30:00,32.741,,,
757,06/21/2023 19:40:00,32.730,,,
758,06/21/2023 19:50:00,32.709,,,
759,06/21/2023 20:00:00,32.709,,,
760,06/21/2023 20:10:00,32.719,,,
761,06/21/2023 20:20:00,32.752,,,
762,06/21/2023 20:30:00,32.773,,,
763,06/21/2023 20:40:00,32.795,,,
764,06/21/2023 20:50:00,32.805,,,
765,06/21/2023 21:00:00,32.816,,,
766,06/21/2023 21:10:00,32.827,,,
767,06/21/2023 21:20:00,32.827,,,
768,06/21/2023 21:30:00,32.837,,,
769,06/21/2023 21:40:00,32.837,,,
770,06/21/2023 21:50:00,32.859,,,
771,06/21/2023 22:00:00,32.859,,,
772,06/21/2023 22:10:00,32.870,,,
773,06/21/2023 22:20:00,32.870,,,
774,06/21/2023 22:30:00,32.859,,,
775,06/21/2023 22:40:00,32.859,,,
776,06/21/2023 22:50:00,32.859,,,
777,06/21/2023 23:00:00,32.859,,,
778,06/21/2023 23:10:00,32.859,,,
779,06/21/2023 23:20:00,32.870,,,
780,06/21/2023 23:30:00,32.859,,,
781,06/21/2023 23:40:00,32.880,,,
782,06/21/2023 23:50:00,32.870,,,
783,06/22/2023 00:00:00,32.870,,,
784,06/22/2023 00:10:00,32.880,,,
785,06/22/2023 00:20:00,32.880,,,
786,06/22/2023 00:30:00,32.880,,,
787,06/22/2023 00:40:00,32.880,,,
788,06/22/2023 00:50:00,32.880,,,
789,06/22/2023 01:00:00,32.880,,,
790,06/22/2023 01:10:00,32.880,,,
791,06/22/2023 01:20:00,32.880,,,
792,06/22/2023 01:30:00,32.880,,,
793,06/22/2023 01:40:00,32.870,,,
794,06/22/2023 01:50:00,32.870,,,
795,06/22/2023 02:00:00,32.870,,,
796,06/22/2023 02:10:00,32.870,,,
797,06/22/2023 02:20:00,32.870,,,
798,06/22/2023 02:30:00,32.859,,,
799,06/22/2023 02:40:00,32.859,,,
800,06/22/2023 02:50:00,32.859,,,
801,06/22/2023 03:00:00,32.859,,,
802,06/22/2023 03:10:00,32.859,,,
803,06/22/2023 03:20:00,32.859,,,
804,06/22/2023 03:30:00,32.848,,,
805,06/22/2023 03:40:00,32.848,,,
806,06/22/2023 03:50:00,32.848,,,
807,06/22/2023 04:00:00,32.848,,,
808,06/22/2023 04:10:00,32.859,,,
809,06/22/2023 04:20:00,32.859,,,
810,06/22/2023 04:30:00,32.859,,,
811,06/22/2023 04:40:00,32.859,,,
812,06/22/2023 04:50:00,32.870,,,
813,06/22/2023 05:00:00,32.859,,,
814,06/22/2023 05:10:00,32.859,,,
815,06/22/2023 05:20:00,32.870,,,
816,06/22/2023 05:30:00,32.880,,,
817,06/22/2023 05:40:00,32.880,,,
818,06/22/2023 05:50:00,32.870,,,
819,06/22/2023 06:00:00,32.880,,,
820,06/22/2023 06:10:00,32.913,,,
821,06/22/2023 06:20:00,32.902,,,
822,06/22/2023 06:30:00,32.891,,,
823,06/22/2023 06:40:00,32.902,,,
824,06/22/2023 06:50:00,32.891,,,
825,06/22/2023 07:00:00,32.891,,,
826,06/22/2023 07:10:00,32.880,,,
827,06/22/2023 07:20:00,32.880,,,
828,06/22/2023 07:30:00,32.880,,,
829,06/22/2023 07:40:00,32.902,,,
830,06/22/2023 07:50:00,32.880,,,
831,06/22/2023 08:00:00,32.880,,,
832,06/22/2023 08:10:00,32.913,,,
833,06/22/2023 08:20:00,32.913,,,
834,06/22/2023 08:30:00,32.923,,,
835,06/22/2023 08:40:00,32.923,,,
836,06/22/2023 08:50:00,30.714,,,
837,06/22/2023 09:00:00,27.496,,,
838,06/22/2023 09:10:00,25.491,,,
839,06/22/2023 09:20:00,24.493,,,
840,06/22/2023 09:30:00,23.936,,,
841,06/22/2023 09:40:00,23.571,,,
842,06/22/2023 09:50:00,23.421,,,
843,06/22/2023 10:00:00,23.356,,,
844,06/22/2023 10:10:00,23.303,,,
845,06/22/2023 10:20:00,23.271,,,
846,06/22/2023 10:30:00,23.271,,,
847,06/22/2023 10:40:00,23.185,,,
848,06/22/2023 10:50:00,23.163,,,
849,06/22/2023 11:00:00,23.163,,,
850,06/22/2023 11:10:00,23.099,,,
851,06/22/2023 11:20:00,23.121,,,
852,06/22/2023 11:30:00,23.131,,,
853,06/22/2023 11:40:00,23.131,,,
854,06/22/2023 11:50:00,23.131,,,
855,06/22/2023 12:00:00,23.131,,,
856,06/22/2023 12:10:00,23.131,,,
857,06/22/2023 12:20:00,23.196,,,
858,06/22/2023 12:30:00,23.249,,,
859,06/22/2023 12:40:00,23.271,,,
860,06/22/2023 12:50:00,23.303,,,
861,06/22/2023 13:00:00,23.335,,,
862,06/22/2023 13:10:00,23.378,,,
863,06/22/2023 13:20:00,23.474,,,
864,06/22/2023 13:30:00,23.539,,,
865,06/22/2023 13:40:00,23.560,,,
866,06/22/2023 13:50:00,23.550,,,
867,06/22/2023 14:00:00,23.592,,,
868,06/22/2023 14:10:00,23.646,,,
869,06/22/2023 14:20:00,23.678,,,
870,06/22/2023 14:30:00,23.710,,,
871,06/22/2023 14:40:00,23.710,,,
872,06/22/2023 14:50:00,23.700,,,
873,06/22/2023 15:00:00,23.743,,,
874,06/22/2023 15:10:00,23.753,,,
875,06/22/2023 15:20:00,23.732,,,
876,06/22/2023 15:30:00,23.732,,,
877,06/22/2023 15:40:00,23.732,,,
878,06/22/2023 15:50:00,23.678,,,
879,06/22/2023 16:00:00,23.603,,,
880,06/22/2023 16:10:00,23.571,,,
881,06/22/2023 16:20:00,23.560,,,
882,06/22/2023 16:30:00,23.539,,,
883,06/22/2023 16:40:00,23.603,,,
884,06/22/2023 16:50:00,23.625,,,
885,06/22/2023 17:00:00,23.678,,,
886,06/22/2023 17:10:00,23.732,,,
887,06/22/2023 17:20:00,23.710,,,
888,06/22/2023 17:30:00,23.721,,,
889,06/22/2023 17:40:00,23.721,,,
890,06/22/2023 17:50:00,23.678,,,
891,06/22/2023 18:00:00,23.646,,,
892,06/22/2023 18:10:00,23.582,,,
893,06/22/2023 18:20:00,23.517,,,
894,06/22/2023 18:30:00,23.399,,,
895,06/22/2023 18:40:00,23.346,,,
896,06/22/2023 18:50:00,23.324,,,
897,06/22/2023 19:00:00,23.303,,,
898,06/22/2023 19:10:00,23.292,,,
899,06/22/2023 19:20:00,23.271,,,
900,06/22/2023 19:30:00,23.260,,,
901,06/22/2023 19:40:00,23.271,,,
902,06/22/2023 19:50:00,23.324,,,
903,06/22/2023 20:00:00,23.324,,,
904,06/22/2023 20:10:00,23.335,,,
905,06/22/2023 20:20:00,23.314,,,
906,06/22/2023 20:30:00,23.292,,,
907,06/22/2023 20:40:00,23.249,,,
908,06/22/2023 20:50:00,23.217,,,
909,06/22/2023 21:00:00,23.196,,,
910,06/22/2023 21:10:00,23.206,,,
911,06/22/2023 21:20:00,23.163,,,
912,06/22/2023 21:30:00,23.153,,,
913,06/22/2023 21:40:00,23.121,,,
914,06/22/2023 21:50:00,23.078,,,
915,06/22/2023 22:00:00,23.056,,,
916,06/22/2023 22:10:00,23.013,,,
917,06/22/2023 22:20:00,22.992,,,
918,06/22/2023 22:30:00,22.938,,,
919,06/22/2023 22:40:00,22.927,,,
920,06/22/2023 22:50:00,22.885,,,
921,06/22/2023 23:00:00,22.842,,,
922,06/22/2023 23:10:00,22.788,,,
923,06/22/2023 23:20:00,22.745,,,
924,06/22/2023 23:30:00,22.724,,,
925,06/22/2023 23:40:00,22.713,,,
926,06/22/2023 23:50:00,22.702,,,
927,06/23/2023 00:00:00,22.670,,,
928,06/23/2023 00:10:00,22.638,,,
929,06/23/2023 00:20:00,22.616,,,
930,06/23/2023 00:30:00,22.627,,,
931,06/23/2023 00:40:00,22.606,,,
932,06/23/2023 00:50:00,22.616,,,
933,06/23/2023 01:00:00,22.616,,,
934,06/23/2023 01:10:00,22.552,,,
935,06/23/2023 01:20:00,22.702,,,
936,06/23/2023 01:30:00,22.659,,,
937,06/23/2023 01:40:00,22.756,,,
938,06/23/2023 01:50:00,22.724,,,
939,06/23/2023 02:00:00,22.638,,,
940,06/23/2023 02:10:00,22.702,,,
941,06/23/2023 02:20:00,22.670,,,
942,06/23/2023 02:30:00,22.756,,,
943,06/23/2023 02:40:00,22.702,,,
944,06/23/2023 02:50:00,22.799,,,
945,06/23/2023 03:00:00,22.756,,,
946,06/23/2023 03:10:00,22.788,,,
947,06/23/2023 03:20:00,22.810,,,
948,06/23/2023 03:30:00,22.756,,,
949,06/23/2023 03:40:00,22.734,,,
950,06/23/2023 03:50:00,22.745,,,
951,06/23/2023 04:00:00,22.692,,,
952,06/23/2023 04:10:00,22.724,,,
953,06/23/2023 04:20:00,22.788,,,
954,06/23/2023 04:30:00,22.724,,,
955,06/23/2023 04:40:00,22.756,,,
956,06/23/2023 04:50:00,22.745,,,
957,06/23/2023 05:00:00,22.713,,,
958,06/23/2023 05:10:00,22.616,,,
959,06/23/2023 05:20:00,22.713,,,
960,06/23/2023 05:30:00,22.616,,,
961,06/23/2023 05:40:00,22.702,,,
962,06/23/2023 05:50:00,22.713,,,
963,06/23/2023 06:00:00,22.649,,,
964,06/23/2023 06:10:00,22.659,,,
965,06/23/2023 06:20:00,22.702,,,
966,06/23/2023 06:30:00,22.627,,,
967,06/23/2023 06:40:00,22.724,,,
968,06/23/2023 06:50:00,22.616,,,
969,06/23/2023 07:00:00,22.488,,,
970,06/23/2023 07:10:00,22.434,,,
971,06/23/2023 07:20:00,22.381,,,
972,06/23/2023 07:30:00,22.316,,,
973,06/23/2023 07:40:00,22.327,,,
974,06/23/2023 07:50:00,22.348,,,
975,06/23/2023 08:00:00,22.370,,,
976,06/23/2023 08:10:00,22.466,,,
977,06/23/2023 08:20:00,22.541,,,
978,06/23/2023 08:30:00,22.649,,,
979,06/23/2023 08:40:00,22.713,,,
980,06/23/2023 08:50:00,22.767,,,
981,06/23/2023 09:00:00,22.820,,,
982,06/23/2023 09:10:00,22.906,,,
983,06/23/2023 09:20:00,22.992,,,
984,06/23/2023 09:30:00,23.056,,,
985,06/23/2023 09:40:00,23.099,,,
986,06/23/2023 09:50:00,23.153,,,
987,06/23/2023 10:00:00,23.174,,,
988,06/23/2023 10:10:00,23.271,,,
989,06/23/2023 10:20:00,23.314,,,
990,06/23/2023 10:30:00,23.324,,,
991,06/23/2023 10:40:00,23.335,,,
992,06/23/2023 10:50:00,23.346,,,
993,06/23/2023 11:00:00,23.410,,,
994,06/23/2023 11:10:00,23.453,,,
995,06/23/2023 11:20:00,23.485,,,
996,06/23/2023 11:30:00,23.539,,,
997,06/23/2023 11:40:00,23.550,,,
998,06/23/2023 11:50:00,23.560,,,
999,06/23/2023 12:00:00,23.560,,,
1000,06/23/2023 12:10:00,23.582,,,
1001,06/23/2023 12:20:00,23.550,,,
1002,06/23/2023 12:30:00,23.539,,,
1003,06/23/2023 12:40:00,23.528,,,
1004,06/23/2023 12:50:00,23.550,,,
1005,06/23/2023 13:00:00,23.550,,,
1006,06/23/2023 13:10:00,23.571,,,
1007,06/23/2023 13:20:00,23.571,,,
1008,06/23/2023 13:30:00,23.560,,,
1009,06/23/2023 13:40:00,23.592,,,
1010,06/23/2023 13:50:00,23.646,,,
1011,06/23/2023 14:00:00,23.732,,,
1012,06/23/2023 14:10:00,23.818,,,
1013,06/23/2023 14:20:00,23.882,,,
1014,06/23/2023 14:30:00,23.936,,,
1015,06/23/2023 14:40:00,23.968,,,
1016,06/23/2023 14:50:00,23.968,,,
1017,06/23/2023 15:00:00,24.021,,,
1018,06/23/2023 15:10:00,24.043,,,
1019,06/23/2023 15:20:00,24.021,,,
1020,06/23/2023 15:30:00,23.989,,,
1021,06/23/2023 15:40:00,24.086,,,
1022,06/23/2023 15:50:00,24.204,,,
1023,06/23/2023 16:00:00,24.268,,,
1024,06/23/2023 16:10:00,24.279,,,
1025,06/23/2023 16:20:00,24.290,,,
1026,06/23/2023 16:30:00,24.311,,,
1027,06/23/2023 16:40:00,24.311,,,
1028,06/23/2023 16:50:00,24.332,,,
1029,06/23/2023 17:00:00,24.279,,,
1030,06/23/2023 17:10:00,24.225,,,
1031,06/23/2023 17:20:00,24.193,,,
1032,06/23/2023 17:30:00,24.129,,,
1033,06/23/2023 17:40:00,24.107,,,
1034,06/23/2023 17:50:00,24.054,,,
1035,06/23/2023 18:00:00,24.000,,,
1036,06/23/2023 18:10:00,24.021,,,
1037,06/23/2023 18:20:00,24.043,,,
1038,06/23/2023 18:30:00,24.075,,,
1039,06/23/2023 18:40:00,24.107,,,
1040,06/23/2023 18:50:00,24.021,,,
1041,06/23/2023 19:00:00,24.054,,,
1042,06/23/2023 19:10:00,24.021,,,
1043,06/23/2023 19:20:00,23.979,,,
1044,06/23/2023 19:30:00,23.957,,,
1045,06/23/2023 19:40:00,23.903,,,
1046,06/23/2023 19:50:00,23.882,,,
1047,06/23/2023 20:00:00,23.796,,,
1048,06/23/2023 20:10:00,23.764,,,
1049,06/23/2023 20:20:00,23.743,,,
1050,06/23/2023 20:30:00,23.710,,,
1051,06/23/2023 20:40:00,23.635,,,
1052,06/23/2023 20:50:00,23.625,,,
1053,06/23/2023 21:00:00,23.592,,,
1054,06/23/2023 21:10:00,23.678,,,
1055,06/23/2023 21:20:00,23.689,,,
1056,06/23/2023 21:30:00,23.582,,,
1057,06/23/2023 21:40:00,23.539,,,
1058,06/23/2023 21:50:00,23.539,,,
1059,06/23/2023 22:00:00,23.507,,,
1060,06/23/2023 22:10:00,23.507,,,
1061,06/23/2023 22:20:00,23.560,,,
1062,06/23/2023 22:30:00,23.925,,,
1063,06/23/2023 22:40:00,23.474,,,
1064,06/23/2023 22:50:00,22.659,,,
1065,06/23/2023 23:00:00,22.209,,,
1066,06/23/2023 23:10:00,21.930,,,
1067,06/23/2023 23:20:00,21.748,,,
1068,06/23/2023 23:30:00,21.640,,,
1069,06/23/2023 23:40:00,21.555,,,
1070,06/23/2023 23:50:00,21.490,,,
1071,06/24/2023 00:00:00,21.447,,,
1072,06/24/2023 00:10:00,21.415,,,
1073,06/24/2023 00:20:00,21.394,,,
1074,06/24/2023 00:30:00,21.329,,,
1075,06/24/2023 00:40:00,21.544,,,
1076,06/24/2023 00:50:00,21.544,,,
1077,06/24/2023 01:00:00,21.576,,,
1078,06/24/2023 01:10:00,21.780,,,
1079,06/24/2023 01:20:00,21.726,,,
1080,06/24/2023 01:30:00,21.565,,,
1081,06/24/2023 01:40:00,21.555,,,
1082,06/24/2023 01:50:00,21.447,,,
1083,06/24/2023 02:00:00,21.640,,,
1084,06/24/2023 02:10:00,21.544,,,
1085,06/24/2023 02:20:00,21.447,,,
1086,06/24/2023 02:30:00,21.512,,,
1087,06/24/2023 02:40:00,21.372,,,
1088,06/24/2023 02:50:00,21.683,,,
1089,06/24/2023 03:00:00,21.608,,,
1090,06/24/2023 03:10:00,21.640,,,
1091,06/24/2023 03:20:00,21.501,,,
1092,06/24/2023 03:30:00,21.394,,,
1093,06/24/2023 03:40:00,21.405,,,
1094,06/24/2023 03:50:00,21.555,,,
1095,06/24/2023 04:00:00,21.512,,,
1096,06/24/2023 04:10:00,21.662,,,
1097,06/24/2023 04:20:00,21.619,,,
1098,06/24/2023 04:30:00,21.630,,,
1099,06/24/2023 04:40:00,21.598,,,
1100,06/24/2023 04:50:00,21.640,,,
1101,06/24/2023 05:00:00,21.640,,,
1102,06/24/2023 05:10:00,21.501,,,
1103,06/24/2023 05:20:00,21.640,,,
1104,06/24/2023 05:30:00,21.576,,,
1105,06/24/2023 05:40:00,21.791,,,
1106,06/24/2023 05:50:00,21.780,,,
1107,06/24/2023 06:00:00,21.758,,,
1108,06/24/2023 06:10:00,21.716,,,
1109,06/24/2023 06:20:00,21.909,,,
1110,06/24/2023 06:30:00,21.769,,,
1111,06/24/2023 06:40:00,21.748,,,
1112,06/24/2023 06:50:00,21.576,,,
1113,06/24/2023 07:00:00,21.619,,,
1114,06/24/2023 07:10:00,21.490,,,
1115,06/24/2023 07:20:00,21.480,,,
1116,06/24/2023 07:30:00,21.512,,,
1117,06/24/2023 07:40:00,21.458,,,
1118,06/24/2023 07:45:42,,,In,
1119,06/24/2023 07:50:00,24.461,,,
1120,06/24/2023 08:00:00,26.939,,,
1121,06/24/2023 08:10:00,27.357,,,
1122,06/24/2023 08:20:00,27.046,,,
1123,06/24/2023 08:30:00,26.960,,,
1124,06/24/2023 08:40:00,27.239,,,
1125,06/24/2023 08:50:00,27.078,,,
1126,06/24/2023 09:00:00,26.917,,,
1127,06/24/2023 09:10:00,26.896,,,
1128,06/24/2023 09:20:00,26.896,,,
1129,06/24/2023 09:30:00,26.949,,,
1130,06/24/2023 09:40:00,26.982,,,
1131,06/24/2023 09:50:00,26.982,,,
1132,06/24/2023 10:00:00,27.014,,,
1133,06/24/2023 10:10:00,27.024,,,
1134,06/24/2023 10:20:00,27.046,,,
1135,06/24/2023 10:30:00,27.057,,,
1136,06/24/2023 10:40:00,27.078,,,
1137,06/24/2023 10:50:00,27.100,,,
1138,06/24/2023 11:00:00,27.110,,,
1139,06/24/2023 11:10:00,27.132,,,
1140,06/24/2023 11:20:00,27.164,,,
1141,06/24/2023 11:30:00,27.175,,,
1142,06/24/2023 11:40:00,27.185,,,
1143,06/24/2023 11:50:00,27.185,,,
1144,06/24/2023 12:00:00,27.207,,,
1145,06/24/2023 12:10:00,27.218,,,
1146,06/24/2023 12:20:00,27.228,,,
1147,06/24/2023 12:30:00,27.260,,,
1148,06/24/2023 12:40:00,27.250,,,
1149,06/24/2023 12:50:00,27.218,,,
1150,06/24/2023 13:00:00,27.271,,,
1151,06/24/2023 13:10:00,27.282,,,
1152,06/24/2023 13:20:00,27.271,,,
1153,06/24/2023 13:30:00,27.250,,,
1154,06/24/2023 13:40:00,27.250,,,
1155,06/24/2023 13:50:00,27.260,,,
1156,06/24/2023 14:00:00,27.271,,,
1157,06/24/2023 14:10:00,27.271,,,
1158,06/24/2023 14:20:00,27.282,,,
1159,06/24/2023 14:30:00,27.293,,,
1160,06/24/2023 14:40:00,27.282,,,
1161,06/24/2023 14:50:00,27.271,,,
1162,06/24/2023 15:00:00,27.260,,,
1163,06/24/2023 15:10:00,27.250,,,
1164,06/24/2023 15:20:00,27.239,,,
1165,06/24/2023 15:30:00,27.218,,,
1166,06/24/2023 15:40:00,27.218,,,
1167,06/24/2023 15:50:00,27.218,,,
1168,06/24/2023 16:00:00,27.207,,,
1169,06/24/2023 16:10:00,27.207,,,
1170,06/24/2023 16:20:00,27.218,,,
1171,06/24/2023 16:30:00,27.218,,,
1172,06/24/2023 16:40:00,27.185,,,
1173,06/24/2023 16:50:00,27.185,,,
1174,06/24/2023 17:00:00,27.164,,,
1175,06/24/2023 17:10:00,27.164,,,
1176,06/24/2023 17:20:00,27.153,,,
1177,06/24/2023 17:30:00,27.142,,,
1178,06/24/2023 17:40:00,27.132,,,
1179,06/24/2023 17:50:00,27.100,,,
1180,06/24/2023 18:00:00,27.078,,,
1181,06/24/2023 18:10:00,27.067,,,
1182,06/24/2023 18:20:00,27.067,,,
1183,06/24/2023 18:30:00,27.067,,,
1184,06/24/2023 18:40:00,27.057,,,
1185,06/24/2023 18:50:00,27.057,,,
1186,06/24/2023 19:00:00,27.057,,,
1187,06/24/2023 19:10:00,27.046,,,
1188,06/24/2023 19:20:00,27.046,,,
1189,06/24/2023 19:30:00,27.035,,,
1190,06/24/2023 19:40:00,27.024,,,
1191,06/24/2023 19:50:00,27.014,,,
1192,06/24/2023 20:00:00,27.014,,,
1193,06/24/2023 20:10:00,26.992,,,
1194,06/24/2023 20:20:00,26.982,,,
1195,06/24/2023 20:30:00,26.960,,,
1196,06/24/2023 20:40:00,26.960,,,
1197,06/24/2023 20:50:00,26.960,,,
1198,06/24/2023 21:00:00,26.949,,,
1199,06/24/2023 21:10:00,26.896,,,
1200,06/24/2023 21:20:00,26.853,,,
1201,06/24/2023 21:30:00,26.842,,,
1202,06/24/2023 21:40:00,26.864,,,
1203,06/24/2023 21:50:00,26.874,,,
1204,06/24/2023 22:00:00,26.864,,,
1205,06/24/2023 22:10:00,26.842,,,
1206,06/24/2023 22:20:00,26.671,,,
1207,06/24/2023 22:30:00,26.585,,,
1208,06/24/2023 22:40:00,26.553,,,
1209,06/24/2023 22:50:00,26.542,,,
1210,06/24/2023 23:00:00,26.531,,,
1211,06/24/2023 23:10:00,26.499,,,
1212,06/24/2023 23:20:00,26.499,,,
1213,06/24/2023 23:30:00,26.499,,,
1214,06/24/2023 23:40:00,26.499,,,
1215,06/24/2023 23:50:00,26.499,,,
1216,06/25/2023 00:00:00,26.477,,,
1217,06/25/2023 00:10:00,26.435,,,
1218,06/25/2023 00:20:00,26.381,,,
1219,06/25/2023 00:30:00,26.338,,,
1220,06/25/2023 00:40:00,26.338,,,
1221,06/25/2023 00:50:00,26.338,,,
1222,06/25/2023 01:00:00,26.327,,,
1223,06/25/2023 01:10:00,26.317,,,
1224,06/25/2023 01:20:00,26.349,,,
1225,06/25/2023 01:30:00,26.381,,,
1226,06/25/2023 01:40:00,26.381,,,
1227,06/25/2023 01:50:00,26.360,,,
1228,06/25/2023 02:00:00,26.327,,,
1229,06/25/2023 02:10:00,26.327,,,
1230,06/25/2023 02:20:00,26.338,,,
1231,06/25/2023 02:30:00,26.306,,,
1232,06/25/2023 02:40:00,26.295,,,
1233,06/25/2023 02:50:00,26.306,,,
1234,06/25/2023 03:00:00,26.327,,,
1235,06/25/2023 03:10:00,26.295,,,
1236,06/25/2023 03:20:00,26.263,,,
1237,06/25/2023 03:30:00,26.263,,,
1238,06/25/2023 03:40:00,26.242,,,
1239,06/25/2023 03:50:00,26.209,,,
1240,06/25/2023 04:00:00,26.209,,,
1241,06/25/2023 04:10:00,26.188,,,
1242,06/25/2023 04:20:00,26.177,,,
1243,06/25/2023 04:30:00,26.199,,,
1244,06/25/2023 04:40:00,26.220,,,
1245,06/25/2023 04:50:00,26.209,,,
1246,06/25/2023 05:00:00,26.177,,,
1247,06/25/2023 05:10:00,26.166,,,
1248,06/25/2023 05:20:00,26.177,,,
1249,06/25/2023 05:30:00,26.166,,,
1250,06/25/2023 05:40:00,26.156,,,
1251,06/25/2023 05:50:00,26.156,,,
1252,06/25/2023 06:00:00,26.156,,,
1253,06/25/2023 06:10:00,26.166,,,
1254,06/25/2023 06:20:00,26.188,,,
1255,06/25/2023 06:30:00,26.209,,,
1256,06/25/2023 06:40:00,26.220,,,
1257,06/25/2023 06:50:00,26.231,,,
1258,06/25/2023 07:00:00,26.220,,,
1259,06/25/2023 07:10:00,26.188,,,
1260,06/25/2023 07:20:00,26.177,,,
1261,06/25/2023 07:30:00,26.209,,,
1262,06/25/2023 07:40:00,26.252,,,
1263,06/25/2023 07:50:00,26.263,,,
1264,06/25/2023 08:00:00,26.252,,,
1265,06/25/2023 08:10:00,26.263,,,
1266,06/25/2023 08:20:00,26.284,,,
1267,06/25/2023 08:30:00,26.295,,,
1268,06/25/2023 08:40:00,26.295,,,
1269,06/25/2023 08:50:00,26.295,,,
1270,06/25/2023 09:00:00,26.295,,,
1271,06/25/2023 09:10:00,26.306,,,
1272,06/25/2023 09:20:00,26.317,,,
1273,06/25/2023 09:30:00,26.317,,,
1274,06/25/2023 09:40:00,26.327,,,
1275,06/25/2023 09:50:00,26.349,,,
1276,06/25/2023 10:00:00,26.370,,,
1277,06/25/2023 10:10:00,26.392,,,
1278,06/25/2023 10:20:00,26.402,,,
1279,06/25/2023 10:30:00,26.402,,,
1280,06/25/2023 10:40:00,26.413,,,
1281,06/25/2023 10:50:00,26.413,,,
1282,06/25/2023 11:00:00,26.435,,,
1283,06/25/2023 11:10:00,26.467,,,
1284,06/25/2023 11:20:00,26.499,,,
1285,06/25/2023 11:30:00,26.531,,,
1286,06/25/2023 11:40:00,26.531,,,
1287,06/25/2023 11:50:00,26.499,,,
1288,06/25/2023 12:00:00,26.499,,,
1289,06/25/2023 12:10:00,26.510,,,
1290,06/25/2023 12:20:00,26.520,,,
1291,06/25/2023 12:30:00,26.510,,,
1292,06/25/2023 12:40:00,26.499,,,
1293,06/25/2023 12:50:00,26.499,,,
1294,06/25/2023 13:00:00,26.510,,,
1295,06/25/2023 13:10:00,26.531,,,
1296,06/25/2023 13:20:00,26.542,,,
1297,06/25/2023 13:30:00,26.563,,,
1298,06/25/2023 13:40:00,26.595,,,
1299,06/25/2023 13:50:00,26.628,,,
1300,06/25/2023 14:00:00,26.649,,,
1301,06/25/2023 14:10:00,26.671,,,
1302,06/25/2023 14:20:00,26.681,,,
1303,06/25/2023 14:30:00,26.692,,,
1304,06/25/2023 14:40:00,26.692,,,
1305,06/25/2023 14:50:00,26.703,,,
1306,06/25/2023 15:00:00,26.724,,,
1307,06/25/2023 15:10:00,26.746,,,
1308,06/25/2023 15:20:00,26.756,,,
1309,06/25/2023 15:30:00,26.756,,,
1310,06/25/2023 15:40:00,26.767,,,
1311,06/25/2023 15:50:00,26.767,,,
1312,06/25/2023 16:00:00,26.778,,,
1313,06/25/2023 16:10:00,26.789,,,
1314,06/25/2023 16:20:00,26.789,,,
1315,06/25/2023 16:30:00,26.789,,,
1316,06/25/2023 16:40:00,26.778,,,
1317,06/25/2023 16:50:00,26.767,,,
1318,06/25/2023 17:00:00,26.778,,,
1319,06/25/2023 17:10:00,26.767,,,
1320,06/25/2023 17:20:00,26.756,,,
1321,06/25/2023 17:30:00,26.756,,,
1322,06/25/2023 17:40:00,26.724,,,
1323,06/25/2023 17:50:00,26.724,,,
1324,06/25/2023 18:00:00,26.703,,,
1325,06/25/2023 18:10:00,26.692,,,
1326,06/25/2023 18:20:00,26.692,,,
1327,06/25/2023 18:30:00,26.681,,,
1328,06/25/2023 18:40:00,26.660,,,
1329,06/25/2023 18:50:00,26.638,,,
1330,06/25/2023 19:00:00,26.617,,,
1331,06/25/2023 19:10:00,26.585,,,
1332,06/25/2023 19:20:00,26.553,,,
1333,06/25/2023 19:30:00,26.531,,,
1334,06/25/2023 19:40:00,26.510,,,
1335,06/25/2023 19:50:00,26.499,,,
1336,06/25/2023 20:00:00,26.467,,,
1337,06/25/2023 20:10:00,26.445,,,
1338,06/25/2023 20:20:00,26.413,,,
1339,06/25/2023 20:30:00,26.381,,,
1340,06/25/2023 20:40:00,26.360,,,
1341,06/25/2023 20:50:00,26.349,,,
1342,06/25/2023 21:00:00,26.349,,,
1343,06/25/2023 21:10:00,26.349,,,
1344,06/25/2023 21:20:00,26.338,,,
1345,06/25/2023 21:30:00,26.327,,,
1346,06/25/2023 21:40:00,26.327,,,
1347,06/25/2023 21:50:00,26.327,,,
1348,06/25/2023 22:00:00,26.317,,,
1349,06/25/2023 22:10:00,26.295,,,
1350,06/25/2023 22:20:00,26.295,,,
1351,06/25/2023 22:30:00,26.274,,,
1352,06/25/2023 22:40:00,26.263,,,
1353,06/25/2023 22:50:00,26.242,,,
1354,06/25/2023 23:00:00,26.242,,,
1355,06/25/2023 23:10:00,26.263,,,
1356,06/25/2023 23:20:00,26.274,,,
1357,06/25/2023 23:30:00,26.284,,,
1358,06/25/2023 23:40:00,26.263,,,
1359,06/25/2023 23:50:00,26.263,,,
1360,06/26/2023 00:00:00,26.242,,,
1361,06/26/2023 00:10:00,26.252,,,
1362,06/26/2023 00:20:00,26.242,,,
1363,06/26/2023 00:30:00,26.209,,,
1364,06/26/2023 00:40:00,26.188,,,
1365,06/26/2023 00:50:00,26.199,,,
1366,06/26/2023 01:00:00,26.209,,,
1367,06/26/2023 01:10:00,26.199,,,
1368,06/26/2023 01:20:00,26.177,,,
1369,06/26/2023 01:30:00,26.156,,,
1370,06/26/2023 01:40:00,26.134,,,
1371,06/26/2023 01:50:00,26.113,,,
1372,06/26/2023 02:00:00,26.091,,,
1373,06/26/2023 02:10:00,26.081,,,
1374,06/26/2023 02:20:00,26.091,,,
1375,06/26/2023 02:30:00,26.124,,,
1376,06/26/2023 02:40:00,26.124,,,
1377,06/26/2023 02:50:00,26.091,,,
1378,06/26/2023 03:00:00,26.081,,,
1379,06/26/2023 03:10:00,26.070,,,
1380,06/26/2023 03:20:00,26.070,,,
1381,06/26/2023 03:30:00,26.070,,,
1382,06/26/2023 03:40:00,26.091,,,
1383,06/26/2023 03:50:00,26.102,,,
1384,06/26/2023 04:00:00,26.102,,,
1385,06/26/2023 04:10:00,26.091,,,
1386,06/26/2023 04:20:00,26.102,,,
1387,06/26/2023 04:30:00,26.102,,,
1388,06/26/2023 04:40:00,26.091,,,
1389,06/26/2023 04:50:00,26.102,,,
1390,06/26/2023 05:00:00,26.102,,,
1391,06/26/2023 05:10:00,26.102,,,
1392,06/26/2023 05:20:00,26.102,,,
1393,06/26/2023 05:30:00,26.124,,,
1394,06/26/2023 05:40:00,26.124,,,
1395,06/26/2023 05:50:00,26.113,,,
1396,06/26/2023 06:00:00,26.102,,,
1397,06/26/2023 06:10:00,26.091,,,
1398,06/26/2023 06:20:00,26.081,,,
1399,06/26/2023 06:30:00,26.070,,,
1400,06/26/2023 06:40:00,26.070,,,
1401,06/26/2023 06:50:00,26.059,,,
1402,06/26/2023 07:00:00,26.059,,,
1403,06/26/2023 07:10:00,26.059,,,
1404,06/26/2023 07:20:00,26.059,,,
1405,06/26/2023 07:30:00,26.059,,,
1406,06/26/2023 07:40:00,26.070,,,
1407,06/26/2023 07:50:00,26.081,,,
1408,06/26/2023 08:00:00,26.091,,,
1409,06/26/2023 08:10:00,26.091,,,
1410,06/26/2023 08:20:00,26.102,,,
1411,06/26/2023 08:30:00,26.124,,,
1412,06/26/2023 08:40:00,26.124,,,
1413,06/26/2023 08:50:00,26.124,,,
1414,06/26/2023 09:00:00,26.124,,,
1415,06/26/2023 09:10:00,26.134,,,
1416,06/26/2023 09:20:00,26.156,,,
1417,06/26/2023 09:30:00,26.134,,,
1418,06/26/2023 09:40:00,26.134,,,
1419,06/26/2023 09:50:00,26.134,,,
1420,06/26/2023 10:00:00,26.156,,,
1421,06/26/2023 10:10:00,26.177,,,
1422,06/26/2023 10:20:00,26.209,,,
1423,06/26/2023 10:30:00,26.209,,,
1424,06/26/2023 10:40:00,26.231,,,
1425,06/26/2023 10:50:00,26.242,,,
1426,06/26/2023 11:00:00,26.263,,,
1427,06/26/2023 11:10:00,26.274,,,
1428,06/26/2023 11:20:00,26.295,,,
1429,06/26/2023 11:30:00,26.317,,,
1430,06/26/2023 11:40:00,26.349,,,
1431,06/26/2023 11:50:00,26.349,,,
1432,06/26/2023 12:00:00,26.349,,,
1433,06/26/2023 12:10:00,26.327,,,
1434,06/26/2023 12:20:00,26.306,,,
1435,06/26/2023 12:30:00,26.295,,,
1436,06/26/2023 12:40:00,26.306,,,
1437,06/26/2023 12:50:00,26.317,,,
1438,06/26/2023 13:00:00,26.327,,,
1439,06/26/2023 13:10:00,26.370,,,
1440,06/26/2023 13:20:00,26.413,,,
1441,06/26/2023 13:30:00,26.456,,,
1442,06/26/2023 13:40:00,26.499,,,
1443,06/26/2023 13:50:00,26.520,,,
1444,06/26/2023 14:00:00,26.542,,,
1445,06/26/2023 14:10:00,27.024,,,
1446,06/26/2023 14:20:00,26.906,,,
1447,06/26/2023 14:30:00,26.767,,,
1448,06/26/2023 14:40:00,27.003,,,
1449,06/26/2023 14:50:00,26.874,,,
1450,06/26/2023 15:00:00,26.746,,,
1451,06/26/2023 15:10:00,26.982,,,
1452,06/26/2023 15:20:00,26.831,,,
1453,06/26/2023 15:30:00,26.831,,,
1454,06/26/2023 15:40:00,26.971,,,
1455,06/26/2023 15:50:00,26.810,,,
1456,06/26/2023 16:00:00,26.896,,,
1457,06/26/2023 16:10:00,26.960,,,
1458,06/26/2023 16:20:00,26.810,,,
1459,06/26/2023 16:30:00,26.853,,,
1460,06/26/2023 16:40:00,26.960,,,
1461,06/26/2023 16:50:00,26.810,,,
1462,06/26/2023 17:00:00,26.778,,,
1463,06/26/2023 17:10:00,26.885,,,
1464,06/26/2023 17:20:00,26.778,,,
1465,06/26/2023 17:30:00,26.992,,,
1466,06/26/2023 17:40:00,26.906,,,
1467,06/26/2023 17:50:00,26.756,,,
1468,06/26/2023 18:00:00,26.992,,,
1469,06/26/2023 18:10:00,26.821,,,
1470,06/26/2023 18:20:00,27.003,,,
1471,06/26/2023 18:30:00,26.885,,,
1472,06/26/2023 18:40:00,26.939,,,
1473,06/26/2023 18:50:00,26.896,,,
1474,06/26/2023 19:00:00,26.982,,,
1475,06/26/2023 19:10:00,26.896,,,
1476,06/26/2023 19:20:00,26.982,,,
1477,06/26/2023 19:30:00,26.842,,,
1478,06/26/2023 19:40:00,27.014,,,
1479,06/26/2023 19:50:00,26.810,,,
1480,06/26/2023 20:00:00,27.014,,,
1481,06/26/2023 20:10:00,26.767,,,
1482,06/26/2023 20:20:00,26.960,,,
1483,06/26/2023 20:30:00,26.960,,,
1484,06/26/2023 20:40:00,26.842,,,
1485,06/26/2023 20:50:00,27.014,,,
1486,06/26/2023 21:00:00,26.767,,,
1487,06/26/2023 21:10:00,26.917,,,
1488,06/26/2023 21:20:00,26.896,,,
1489,06/26/2023 21:30:00,26.789,,,
1490,06/26/2023 21:40:00,26.982,,,
1491,06/26/2023 21:50:00,26.864,,,
1492,06/26/2023 22:00:00,26.842,,,
1493,06/26/2023 22:10:00,27.014,,,
1494,06/26/2023 22:20:00,26.799,,,
1495,06/26/2023 22:30:00,26.864,,,
1496,06/26/2023 22:40:00,27.014,,,
1497,06/26/2023 22:50:00,26.778,,,
1498,06/26/2023 23:00:00,26.821,,,
1499,06/26/2023 23:10:00,26.928,,,
1500,06/26/2023 23:20:00,26.917,,,
1501,06/26/2023 23:30:00,26.724,,,
1502,06/26/2023 23:40:00,26.874,,,
1503,06/26/2023 23:50:00,26.971,,,
1504,06/27/2023 00:00:00,26.789,,,
1505,06/27/2023 00:10:00,26.756,,,
1506,06/27/2023 00:20:00,26.896,,,
1507,06/27/2023 00:30:00,26.960,,,
1508,06/27/2023 00:40:00,26.756,,,
1509,06/27/2023 00:50:00,26.789,,,
1510,06/27/2023 01:00:00,26.896,,,
1511,06/27/2023 01:10:00,26.971,,,
1512,06/27/2023 01:20:00,26.713,,,
1513,06/27/2023 01:30:00,26.756,,,
1514,06/27/2023 01:40:00,26.928,,,
1515,06/27/2023 01:50:00,26.939,,,
1516,06/27/2023 02:00:00,26.724,,,
1517,06/27/2023 02:10:00,26.756,,,
1518,06/27/2023 02:20:00,26.928,,,
1519,06/27/2023 02:30:00,26.928,,,
1520,06/27/2023 02:40:00,26.756,,,
1521,06/27/2023 02:50:00,26.703,,,
1522,06/27/2023 03:00:00,26.853,,,
1523,06/27/2023 03:10:00,26.928,,,
1524,06/27/2023 03:20:00,26.874,,,
1525,06/27/2023 03:30:00,26.692,,,
1526,06/27/2023 03:40:00,26.842,,,
1527,06/27/2023 03:50:00,26.928,,,
1528,06/27/2023 04:00:00,26.896,,,
1529,06/27/2023 04:10:00,26.703,,,
1530,06/27/2023 04:20:00,26.767,,,
1531,06/27/2023 04:30:00,26.874,,,
1532,06/27/2023 04:40:00,26.949,,,
1533,06/27/2023 04:50:00,26.746,,,
1534,06/27/2023 05:00:00,26.703,,,
1535,06/27/2023 05:10:00,26.864,,,
1536,06/27/2023 05:20:00,26.960,,,
1537,06/27/2023 05:30:00,26.831,,,
1538,06/27/2023 05:40:00,26.703,,,
1539,06/27/2023 05:50:00,26.842,,,
1540,06/27/2023 06:00:00,26.982,,,
1541,06/27/2023 06:10:00,26.842,,,
1542,06/27/2023 06:20:00,26.681,,,
1543,06/27/2023 06:30:00,26.756,,,
1544,06/27/2023 06:40:00,26.896,,,
1545,06/27/2023 06:50:00,26.928,,,
1546,06/27/2023 07:00:00,26.735,,,
1547,06/27/2023 07:10:00,26.756,,,
1548,06/27/2023 07:20:00,26.853,,,
1549,06/27/2023 07:30:00,26.928,,,
1550,06/27/2023 07:40:00,26.949,,,
1551,06/27/2023 07:50:00,26.885,,,
1552,06/27/2023 08:00:00,26.842,,,
1553,06/27/2023 08:10:00,26.949,,,
1554,06/27/2023 08:20:00,27.153,,,
1555,06/27/2023 08:30:00,27.089,,,
1556,06/27/2023 08:40:00,26.896,,,
1557,06/27/2023 08:50:00,26.982,,,
1558,06/27/2023 09:00:00,27.100,,,
1559,06/27/2023 09:10:00,27.035,,,
1560,06/27/2023 09:20:00,26.874,,,
1561,06/27/2023 09:30:00,27.057,,,
1562,06/27/2023 09:40:00,27.121,,,
1563,06/27/2023 09:50:00,26.874,,,
1564,06/27/2023 10:00:00,26.971,,,
1565,06/27/2023 10:10:00,27.153,,,
1566,06/27/2023 10:20:00,26.885,,,
1567,06/27/2023 10:30:00,26.971,,,
1568,06/27/2023 10:40:00,27.164,,,
1569,06/27/2023 10:50:00,26.885,,,
1570,06/27/2023 11:00:00,27.121,,,
1571,06/27/2023 11:10:00,26.939,,,
1572,06/27/2023 11:20:00,27.078,,,
1573,06/27/2023 11:30:00,26.982,,,
1574,06/27/2023 11:40:00,27.110,,,
1575,06/27/2023 11:50:00,26.896,,,
1576,06/27/2023 12:00:00,27.153,,,
1577,06/27/2023 12:10:00,26.928,,,
1578,06/27/2023 12:20:00,27.196,,,
1579,06/27/2023 12:30:00,27.003,,,
1580,06/27/2023 12:40:00,26.874,,,
1581,06/27/2023 12:50:00,27.121,,,
1582,06/27/2023 13:00:00,26.960,,,
1583,06/27/2023 13:10:00,26.971,,,
1584,06/27/2023 13:20:00,27.121,,,
1585,06/27/2023 13:30:00,26.960,,,
1586,06/27/2023 13:40:00,26.885,,,
1587,06/27/2023 13:50:00,26.885,,,
1588,06/27/2023 14:00:00,26.896,,,
1589,06/27/2023 14:10:00,26.896,,,
1590,06/27/2023 14:20:00,26.896,,,
1591,06/27/2023 14:30:00,26.896,,,
1592,06/27/2023 14:40:00,26.874,,,
1593,06/27/2023 14:50:00,26.874,,,
1594,06/27/2023 15:00:00,26.874,,,
1595,06/27/2023 15:10:00,26.874,,,
1596,06/27/2023 15:20:00,26.874,,,
1597,06/27/2023 15:30:00,26.885,,,
1598,06/27/2023 15:40:00,26.885,,,
1599,06/27/2023 15:50:00,26.874,,,
1600,06/27/2023 16:00:00,26.885,,,
1601,06/27/2023 16:10:00,26.885,,,
1602,06/27/2023 16:20:00,26.874,,,
1603,06/27/2023 16:30:00,26.874,,,
1604,06/27/2023 16:40:00,26.864,,,
1605,06/27/2023 16:46:57,,,Out,
1606,06/27/2023 16:50:00,25.727,,,
1607,06/27/2023 17:00:00,24.054,,,
1608,06/27/2023 17:10:00,23.893,,,
1609,06/27/2023 17:20:00,23.903,,,
1610,06/27/2023 17:30:00,23.893,,,
1611,06/27/2023 17:40:00,23.936,,,
1612,06/27/2023 17:50:00,23.968,,,
1613,06/27/2023 18:00:00,24.021,,,
1614,06/27/2023 18:10:00,24.107,,,
1615,06/27/2023 18:20:00,24.182,,,
1616,06/27/2023 18:24:51,,Logged,,Logged
